sample;year;decade;intensity;duration;interval;lat;long;region;site
IR_South_1986;1986;1980;;;;-20.69;-40.387;South;IR
AC_South_1986;1986;1980;;;;-22.978;-42;South;AC
UBT_South_1986;1986;1980;;;;-23.532;-45.081;South;UBT
ALC_South_1986;1986;1980;;;;-24.091;-45.681;South;ALC
QG_South_1986;1986;1980;;;;-24.4875;-46.68;South;QG
GAL_South_1986;1986;1980;;;;-27.259;-48.371;South;GAL
MJ_Northeast_1986;1986;1980;;;;-5.399;-35.29;Northeast;MJ
CB_Northeast_1986;1986;1980;;;;-7.076;-34.823;Northeast;CB
PR_Northeast_1986;1986;1980;;;;-8.51;-34.983;Northeast;PR
CC_Northeast_1986;1986;1980;;;;-9.022;-35.191;Northeast;CC
NGARS_North_1986;1986;1980;;;;4.838;-50.129;North;NGARS
CGARS_North_1986;1986;1980;;;;2.242;-47.39;North;CGARS
SGARS_North_1986;1986;1980;;;;0.042;-44.159;North;SGARS
PML_North_1986;1986;1980;;;;-0.759;-42.128;North;PML
FR_North_1986;1986;1980;;;;-3.575;-38.4;North;FR
TMV_ILOC_1986;1986;1980;;;;-20.497;-29.319;ILOC;TMV
ROC_ILOC_1986;1986;1980;;;;-3.846;-33.806;ILOC;ROC
FN_ILOC_1986;1986;1980;;;;-3.851;-32.389;ILOC;FN
ASPSP_ILOC_1986;1986;1980;;;;0.9175;-29.344;ILOC;ASPSP
AI_ILOC_1986;1986;1980;;;;-7.916;-14.416;ILOC;AI
SH_ILOC_1986;1986;1980;;;;-15.906;-5.728;ILOC;SH
TSB_East_1986;1986;1980;;;;-12.858;-38.609;East;TSB
CA_East_1986;1986;1980;;;;-16.233;-38.936;East;CA
RCB_East_1986;1986;1980;;;;-15.993;-38.576;East;RCB
RF_East_1986;1986;1980;;;;-16.404;-38.96;East;RF
IT_East_1986;1986;1980;;;;-16.978;-39.067;East;IT
ABA_East_1986;1986;1980;;;;-17.973;-38.711;East;ABA
PP_East_1986;1986;1980;;;;-17.672;-38.99;East;PP
TBB_East_1986;1986;1980;;;;-17.606;-39.048;East;TBB
ST_Africa_1986;1986;1980;;;;0.396;6.829;Africa;ST
WIC_Africa_1986;1986;1980;;;;4.573;-6.814;Africa;WIC
LR_Africa_1986;1986;1980;;;;0.698;9.263;Africa;LR
WG_Africa_1986;1986;1980;;;;5.045;1.222;Africa;WG
IR_South_1987;1987;1980;;;;-20.69;-40.387;South;IR
AC_South_1987;1987;1980;;;;-22.978;-42;South;AC
UBT_South_1987;1987;1980;;;;-23.532;-45.081;South;UBT
ALC_South_1987;1987;1980;;;;-24.091;-45.681;South;ALC
QG_South_1987;1987;1980;5.05;31;;-24.4875;-46.68;South;QG
GAL_South_1987;1987;1980;;;;-27.259;-48.371;South;GAL
MJ_Northeast_1987;1987;1980;;;;-5.399;-35.29;Northeast;MJ
CB_Northeast_1987;1987;1980;;;;-7.076;-34.823;Northeast;CB
PR_Northeast_1987;1987;1980;;;;-8.51;-34.983;Northeast;PR
CC_Northeast_1987;1987;1980;;;;-9.022;-35.191;Northeast;CC
NGARS_North_1987;1987;1980;;;;4.838;-50.129;North;NGARS
CGARS_North_1987;1987;1980;;;;2.242;-47.39;North;CGARS
SGARS_North_1987;1987;1980;;;;0.042;-44.159;North;SGARS
PML_North_1987;1987;1980;;;;-0.759;-42.128;North;PML
FR_North_1987;1987;1980;;;;-3.575;-38.4;North;FR
TMV_ILOC_1987;1987;1980;;;;-20.497;-29.319;ILOC;TMV
ROC_ILOC_1987;1987;1980;;;;-3.846;-33.806;ILOC;ROC
FN_ILOC_1987;1987;1980;;;;-3.851;-32.389;ILOC;FN
ASPSP_ILOC_1987;1987;1980;;;;0.9175;-29.344;ILOC;ASPSP
AI_ILOC_1987;1987;1980;;;;-7.916;-14.416;ILOC;AI
SH_ILOC_1987;1987;1980;;;;-15.906;-5.728;ILOC;SH
TSB_East_1987;1987;1980;;;;-12.858;-38.609;East;TSB
CA_East_1987;1987;1980;;;;-16.233;-38.936;East;CA
RCB_East_1987;1987;1980;;;;-15.993;-38.576;East;RCB
RF_East_1987;1987;1980;;;;-16.404;-38.96;East;RF
IT_East_1987;1987;1980;;;;-16.978;-39.067;East;IT
ABA_East_1987;1987;1980;;;;-17.973;-38.711;East;ABA
PP_East_1987;1987;1980;;;;-17.672;-38.99;East;PP
TBB_East_1987;1987;1980;;;;-17.606;-39.048;East;TBB
ST_Africa_1987;1987;1980;;;;0.396;6.829;Africa;ST
WIC_Africa_1987;1987;1980;;;;4.573;-6.814;Africa;WIC
LR_Africa_1987;1987;1980;;;;0.698;9.263;Africa;LR
WG_Africa_1987;1987;1980;;;;5.045;1.222;Africa;WG
IR_South_1988;1988;1980;;;;-20.69;-40.387;South;IR
AC_South_1988;1988;1980;;;;-22.978;-42;South;AC
UBT_South_1988;1988;1980;5.84;37;;-23.532;-45.081;South;UBT
ALC_South_1988;1988;1980;6.11;38;;-24.091;-45.681;South;ALC
QG_South_1988;1988;1980;6.25;40;336;-24.4875;-46.68;South;QG
GAL_South_1988;1988;1980;;;;-27.259;-48.371;South;GAL
MJ_Northeast_1988;1988;1980;4.96;9;;-5.399;-35.29;Northeast;MJ
CB_Northeast_1988;1988;1980;;;;-7.076;-34.823;Northeast;CB
PR_Northeast_1988;1988;1980;4.01;1;;-8.51;-34.983;Northeast;PR
CC_Northeast_1988;1988;1980;4.64;11;;-9.022;-35.191;Northeast;CC
NGARS_North_1988;1988;1980;;;;4.838;-50.129;North;NGARS
CGARS_North_1988;1988;1980;;;;2.242;-47.39;North;CGARS
SGARS_North_1988;1988;1980;;;;0.042;-44.159;North;SGARS
PML_North_1988;1988;1980;;;;-0.759;-42.128;North;PML
FR_North_1988;1988;1980;;;;-3.575;-38.4;North;FR
TMV_ILOC_1988;1988;1980;;;;-20.497;-29.319;ILOC;TMV
ROC_ILOC_1988;1988;1980;;;;-3.846;-33.806;ILOC;ROC
FN_ILOC_1988;1988;1980;;;;-3.851;-32.389;ILOC;FN
ASPSP_ILOC_1988;1988;1980;4.35;3;;0.9175;-29.344;ILOC;ASPSP
AI_ILOC_1988;1988;1980;;;;-7.916;-14.416;ILOC;AI
SH_ILOC_1988;1988;1980;;;;-15.906;-5.728;ILOC;SH
TSB_East_1988;1988;1980;;;;-12.858;-38.609;East;TSB
CA_East_1988;1988;1980;;;;-16.233;-38.936;East;CA
RCB_East_1988;1988;1980;5.47;18;;-15.993;-38.576;East;RCB
RF_East_1988;1988;1980;;;;-16.404;-38.96;East;RF
IT_East_1988;1988;1980;;;;-16.978;-39.067;East;IT
ABA_East_1988;1988;1980;;;;-17.973;-38.711;East;ABA
PP_East_1988;1988;1980;;;;-17.672;-38.99;East;PP
TBB_East_1988;1988;1980;;;;-17.606;-39.048;East;TBB
ST_Africa_1988;1988;1980;4.59;34;;0.396;6.829;Africa;ST
WIC_Africa_1988;1988;1980;;;;4.573;-6.814;Africa;WIC
LR_Africa_1988;1988;1980;;;;0.698;9.263;Africa;LR
WG_Africa_1988;1988;1980;;;;5.045;1.222;Africa;WG
IR_South_1989;1989;1980;;;;-20.69;-40.387;South;IR
AC_South_1989;1989;1980;;;;-22.978;-42;South;AC
UBT_South_1989;1989;1980;;;;-23.532;-45.081;South;UBT
ALC_South_1989;1989;1980;;;;-24.091;-45.681;South;ALC
QG_South_1989;1989;1980;;;;-24.4875;-46.68;South;QG
GAL_South_1989;1989;1980;;;;-27.259;-48.371;South;GAL
MJ_Northeast_1989;1989;1980;;;;-5.399;-35.29;Northeast;MJ
CB_Northeast_1989;1989;1980;;;;-7.076;-34.823;Northeast;CB
PR_Northeast_1989;1989;1980;;;;-8.51;-34.983;Northeast;PR
CC_Northeast_1989;1989;1980;;;;-9.022;-35.191;Northeast;CC
NGARS_North_1989;1989;1980;;;;4.838;-50.129;North;NGARS
CGARS_North_1989;1989;1980;;;;2.242;-47.39;North;CGARS
SGARS_North_1989;1989;1980;;;;0.042;-44.159;North;SGARS
PML_North_1989;1989;1980;;;;-0.759;-42.128;North;PML
FR_North_1989;1989;1980;;;;-3.575;-38.4;North;FR
TMV_ILOC_1989;1989;1980;;;;-20.497;-29.319;ILOC;TMV
ROC_ILOC_1989;1989;1980;;;;-3.846;-33.806;ILOC;ROC
FN_ILOC_1989;1989;1980;;;;-3.851;-32.389;ILOC;FN
ASPSP_ILOC_1989;1989;1980;;;;0.9175;-29.344;ILOC;ASPSP
AI_ILOC_1989;1989;1980;;;;-7.916;-14.416;ILOC;AI
SH_ILOC_1989;1989;1980;;;;-15.906;-5.728;ILOC;SH
TSB_East_1989;1989;1980;;;;-12.858;-38.609;East;TSB
CA_East_1989;1989;1980;;;;-16.233;-38.936;East;CA
RCB_East_1989;1989;1980;;;;-15.993;-38.576;East;RCB
RF_East_1989;1989;1980;;;;-16.404;-38.96;East;RF
IT_East_1989;1989;1980;;;;-16.978;-39.067;East;IT
ABA_East_1989;1989;1980;;;;-17.973;-38.711;East;ABA
PP_East_1989;1989;1980;;;;-17.672;-38.99;East;PP
TBB_East_1989;1989;1980;;;;-17.606;-39.048;East;TBB
ST_Africa_1989;1989;1980;;;;0.396;6.829;Africa;ST
WIC_Africa_1989;1989;1980;;;;4.573;-6.814;Africa;WIC
LR_Africa_1989;1989;1980;;;;0.698;9.263;Africa;LR
WG_Africa_1989;1989;1980;;;;5.045;1.222;Africa;WG
IR_South_1990;1990;1990;;;;-20.69;-40.387;South;IR
AC_South_1990;1990;1990;;;;-22.978;-42;South;AC
UBT_South_1990;1990;1990;;;;-23.532;-45.081;South;UBT
ALC_South_1990;1990;1990;;;;-24.091;-45.681;South;ALC
QG_South_1990;1990;1990;5.07;7;737;-24.4875;-46.68;South;QG
GAL_South_1990;1990;1990;6.07;22;;-27.259;-48.371;South;GAL
MJ_Northeast_1990;1990;1990;;;;-5.399;-35.29;Northeast;MJ
CB_Northeast_1990;1990;1990;;;;-7.076;-34.823;Northeast;CB
PR_Northeast_1990;1990;1990;;;;-8.51;-34.983;Northeast;PR
CC_Northeast_1990;1990;1990;;;;-9.022;-35.191;Northeast;CC
NGARS_North_1990;1990;1990;;;;4.838;-50.129;North;NGARS
CGARS_North_1990;1990;1990;;;;2.242;-47.39;North;CGARS
SGARS_North_1990;1990;1990;;;;0.042;-44.159;North;SGARS
PML_North_1990;1990;1990;;;;-0.759;-42.128;North;PML
FR_North_1990;1990;1990;;;;-3.575;-38.4;North;FR
TMV_ILOC_1990;1990;1990;;;;-20.497;-29.319;ILOC;TMV
ROC_ILOC_1990;1990;1990;;;;-3.846;-33.806;ILOC;ROC
FN_ILOC_1990;1990;1990;;;;-3.851;-32.389;ILOC;FN
ASPSP_ILOC_1990;1990;1990;;;;0.9175;-29.344;ILOC;ASPSP
AI_ILOC_1990;1990;1990;;;;-7.916;-14.416;ILOC;AI
SH_ILOC_1990;1990;1990;;;;-15.906;-5.728;ILOC;SH
TSB_East_1990;1990;1990;;;;-12.858;-38.609;East;TSB
CA_East_1990;1990;1990;;;;-16.233;-38.936;East;CA
RCB_East_1990;1990;1990;;;;-15.993;-38.576;East;RCB
RF_East_1990;1990;1990;;;;-16.404;-38.96;East;RF
IT_East_1990;1990;1990;;;;-16.978;-39.067;East;IT
ABA_East_1990;1990;1990;;;;-17.973;-38.711;East;ABA
PP_East_1990;1990;1990;;;;-17.672;-38.99;East;PP
TBB_East_1990;1990;1990;;;;-17.606;-39.048;East;TBB
ST_Africa_1990;1990;1990;;;;0.396;6.829;Africa;ST
WIC_Africa_1990;1990;1990;;;;4.573;-6.814;Africa;WIC
LR_Africa_1990;1990;1990;4.14;3;;0.698;9.263;Africa;LR
WG_Africa_1990;1990;1990;;;;5.045;1.222;Africa;WG
IR_South_1991;1991;1990;;;;-20.69;-40.387;South;IR
AC_South_1991;1991;1990;;;;-22.978;-42;South;AC
UBT_South_1991;1991;1990;;;;-23.532;-45.081;South;UBT
ALC_South_1991;1991;1990;;;;-24.091;-45.681;South;ALC
QG_South_1991;1991;1990;;;;-24.4875;-46.68;South;QG
GAL_South_1991;1991;1990;;;;-27.259;-48.371;South;GAL
MJ_Northeast_1991;1991;1990;;;;-5.399;-35.29;Northeast;MJ
CB_Northeast_1991;1991;1990;;;;-7.076;-34.823;Northeast;CB
PR_Northeast_1991;1991;1990;;;;-8.51;-34.983;Northeast;PR
CC_Northeast_1991;1991;1990;;;;-9.022;-35.191;Northeast;CC
NGARS_North_1991;1991;1990;;;;4.838;-50.129;North;NGARS
CGARS_North_1991;1991;1990;;;;2.242;-47.39;North;CGARS
SGARS_North_1991;1991;1990;;;;0.042;-44.159;North;SGARS
PML_North_1991;1991;1990;;;;-0.759;-42.128;North;PML
FR_North_1991;1991;1990;;;;-3.575;-38.4;North;FR
TMV_ILOC_1991;1991;1990;;;;-20.497;-29.319;ILOC;TMV
ROC_ILOC_1991;1991;1990;;;;-3.846;-33.806;ILOC;ROC
FN_ILOC_1991;1991;1990;;;;-3.851;-32.389;ILOC;FN
ASPSP_ILOC_1991;1991;1990;;;;0.9175;-29.344;ILOC;ASPSP
AI_ILOC_1991;1991;1990;;;;-7.916;-14.416;ILOC;AI
SH_ILOC_1991;1991;1990;;;;-15.906;-5.728;ILOC;SH
TSB_East_1991;1991;1990;;;;-12.858;-38.609;East;TSB
CA_East_1991;1991;1990;;;;-16.233;-38.936;East;CA
RCB_East_1991;1991;1990;;;;-15.993;-38.576;East;RCB
RF_East_1991;1991;1990;;;;-16.404;-38.96;East;RF
IT_East_1991;1991;1990;;;;-16.978;-39.067;East;IT
ABA_East_1991;1991;1990;;;;-17.973;-38.711;East;ABA
PP_East_1991;1991;1990;;;;-17.672;-38.99;East;PP
TBB_East_1991;1991;1990;;;;-17.606;-39.048;East;TBB
ST_Africa_1991;1991;1990;;;;0.396;6.829;Africa;ST
WIC_Africa_1991;1991;1990;;;;4.573;-6.814;Africa;WIC
LR_Africa_1991;1991;1990;;;;0.698;9.263;Africa;LR
WG_Africa_1991;1991;1990;;;;5.045;1.222;Africa;WG
IR_South_1992;1992;1990;;;;-20.69;-40.387;South;IR
AC_South_1992;1992;1990;;;;-22.978;-42;South;AC
UBT_South_1992;1992;1990;;;;-23.532;-45.081;South;UBT
ALC_South_1992;1992;1990;;;;-24.091;-45.681;South;ALC
QG_South_1992;1992;1990;;;;-24.4875;-46.68;South;QG
GAL_South_1992;1992;1990;;;;-27.259;-48.371;South;GAL
MJ_Northeast_1992;1992;1990;;;;-5.399;-35.29;Northeast;MJ
CB_Northeast_1992;1992;1990;;;;-7.076;-34.823;Northeast;CB
PR_Northeast_1992;1992;1990;;;;-8.51;-34.983;Northeast;PR
CC_Northeast_1992;1992;1990;;;;-9.022;-35.191;Northeast;CC
NGARS_North_1992;1992;1990;;;;4.838;-50.129;North;NGARS
CGARS_North_1992;1992;1990;;;;2.242;-47.39;North;CGARS
SGARS_North_1992;1992;1990;;;;0.042;-44.159;North;SGARS
PML_North_1992;1992;1990;;;;-0.759;-42.128;North;PML
FR_North_1992;1992;1990;;;;-3.575;-38.4;North;FR
TMV_ILOC_1992;1992;1990;;;;-20.497;-29.319;ILOC;TMV
ROC_ILOC_1992;1992;1990;;;;-3.846;-33.806;ILOC;ROC
FN_ILOC_1992;1992;1990;;;;-3.851;-32.389;ILOC;FN
ASPSP_ILOC_1992;1992;1990;;;;0.9175;-29.344;ILOC;ASPSP
AI_ILOC_1992;1992;1990;;;;-7.916;-14.416;ILOC;AI
SH_ILOC_1992;1992;1990;;;;-15.906;-5.728;ILOC;SH
TSB_East_1992;1992;1990;;;;-12.858;-38.609;East;TSB
CA_East_1992;1992;1990;;;;-16.233;-38.936;East;CA
RCB_East_1992;1992;1990;;;;-15.993;-38.576;East;RCB
RF_East_1992;1992;1990;;;;-16.404;-38.96;East;RF
IT_East_1992;1992;1990;;;;-16.978;-39.067;East;IT
ABA_East_1992;1992;1990;;;;-17.973;-38.711;East;ABA
PP_East_1992;1992;1990;;;;-17.672;-38.99;East;PP
TBB_East_1992;1992;1990;;;;-17.606;-39.048;East;TBB
ST_Africa_1992;1992;1990;;;;0.396;6.829;Africa;ST
WIC_Africa_1992;1992;1990;;;;4.573;-6.814;Africa;WIC
LR_Africa_1992;1992;1990;;;;0.698;9.263;Africa;LR
WG_Africa_1992;1992;1990;;;;5.045;1.222;Africa;WG
IR_South_1993;1993;1990;;;;-20.69;-40.387;South;IR
AC_South_1993;1993;1990;;;;-22.978;-42;South;AC
UBT_South_1993;1993;1990;;;;-23.532;-45.081;South;UBT
ALC_South_1993;1993;1990;;;;-24.091;-45.681;South;ALC
QG_South_1993;1993;1990;;;;-24.4875;-46.68;South;QG
GAL_South_1993;1993;1990;;;;-27.259;-48.371;South;GAL
MJ_Northeast_1993;1993;1990;;;;-5.399;-35.29;Northeast;MJ
CB_Northeast_1993;1993;1990;;;;-7.076;-34.823;Northeast;CB
PR_Northeast_1993;1993;1990;;;;-8.51;-34.983;Northeast;PR
CC_Northeast_1993;1993;1990;;;;-9.022;-35.191;Northeast;CC
NGARS_North_1993;1993;1990;;;;4.838;-50.129;North;NGARS
CGARS_North_1993;1993;1990;;;;2.242;-47.39;North;CGARS
SGARS_North_1993;1993;1990;;;;0.042;-44.159;North;SGARS
PML_North_1993;1993;1990;;;;-0.759;-42.128;North;PML
FR_North_1993;1993;1990;;;;-3.575;-38.4;North;FR
TMV_ILOC_1993;1993;1990;;;;-20.497;-29.319;ILOC;TMV
ROC_ILOC_1993;1993;1990;;;;-3.846;-33.806;ILOC;ROC
FN_ILOC_1993;1993;1990;;;;-3.851;-32.389;ILOC;FN
ASPSP_ILOC_1993;1993;1990;;;;0.9175;-29.344;ILOC;ASPSP
AI_ILOC_1993;1993;1990;;;;-7.916;-14.416;ILOC;AI
SH_ILOC_1993;1993;1990;;;;-15.906;-5.728;ILOC;SH
TSB_East_1993;1993;1990;;;;-12.858;-38.609;East;TSB
CA_East_1993;1993;1990;;;;-16.233;-38.936;East;CA
RCB_East_1993;1993;1990;;;;-15.993;-38.576;East;RCB
RF_East_1993;1993;1990;;;;-16.404;-38.96;East;RF
IT_East_1993;1993;1990;;;;-16.978;-39.067;East;IT
ABA_East_1993;1993;1990;;;;-17.973;-38.711;East;ABA
PP_East_1993;1993;1990;;;;-17.672;-38.99;East;PP
TBB_East_1993;1993;1990;;;;-17.606;-39.048;East;TBB
ST_Africa_1993;1993;1990;;;;0.396;6.829;Africa;ST
WIC_Africa_1993;1993;1990;;;;4.573;-6.814;Africa;WIC
LR_Africa_1993;1993;1990;;;;0.698;9.263;Africa;LR
WG_Africa_1993;1993;1990;;;;5.045;1.222;Africa;WG
IR_South_1994;1994;1990;;;;-20.69;-40.387;South;IR
AC_South_1994;1994;1990;;;;-22.978;-42;South;AC
UBT_South_1994;1994;1990;5.36;6;2182;-23.532;-45.081;South;UBT
ALC_South_1994;1994;1990;4.46;4;2184;-24.091;-45.681;South;ALC
QG_South_1994;1994;1990;;;;-24.4875;-46.68;South;QG
GAL_South_1994;1994;1990;;;;-27.259;-48.371;South;GAL
MJ_Northeast_1994;1994;1990;;;;-5.399;-35.29;Northeast;MJ
CB_Northeast_1994;1994;1990;;;;-7.076;-34.823;Northeast;CB
PR_Northeast_1994;1994;1990;;;;-8.51;-34.983;Northeast;PR
CC_Northeast_1994;1994;1990;;;;-9.022;-35.191;Northeast;CC
NGARS_North_1994;1994;1990;;;;4.838;-50.129;North;NGARS
CGARS_North_1994;1994;1990;;;;2.242;-47.39;North;CGARS
SGARS_North_1994;1994;1990;;;;0.042;-44.159;North;SGARS
PML_North_1994;1994;1990;;;;-0.759;-42.128;North;PML
FR_North_1994;1994;1990;;;;-3.575;-38.4;North;FR
TMV_ILOC_1994;1994;1990;;;;-20.497;-29.319;ILOC;TMV
ROC_ILOC_1994;1994;1990;;;;-3.846;-33.806;ILOC;ROC
FN_ILOC_1994;1994;1990;;;;-3.851;-32.389;ILOC;FN
ASPSP_ILOC_1994;1994;1990;;;;0.9175;-29.344;ILOC;ASPSP
AI_ILOC_1994;1994;1990;;;;-7.916;-14.416;ILOC;AI
SH_ILOC_1994;1994;1990;;;;-15.906;-5.728;ILOC;SH
TSB_East_1994;1994;1990;;;;-12.858;-38.609;East;TSB
CA_East_1994;1994;1990;;;;-16.233;-38.936;East;CA
RCB_East_1994;1994;1990;;;;-15.993;-38.576;East;RCB
RF_East_1994;1994;1990;;;;-16.404;-38.96;East;RF
IT_East_1994;1994;1990;;;;-16.978;-39.067;East;IT
ABA_East_1994;1994;1990;;;;-17.973;-38.711;East;ABA
PP_East_1994;1994;1990;;;;-17.672;-38.99;East;PP
TBB_East_1994;1994;1990;;;;-17.606;-39.048;East;TBB
ST_Africa_1994;1994;1990;;;;0.396;6.829;Africa;ST
WIC_Africa_1994;1994;1990;;;;4.573;-6.814;Africa;WIC
LR_Africa_1994;1994;1990;;;;0.698;9.263;Africa;LR
WG_Africa_1994;1994;1990;;;;5.045;1.222;Africa;WG
IR_South_1995;1995;1990;;;;-20.69;-40.387;South;IR
AC_South_1995;1995;1990;;;;-22.978;-42;South;AC
UBT_South_1995;1995;1990;4.81;5;364;-23.532;-45.081;South;UBT
ALC_South_1995;1995;1990;6.85;39;330;-24.091;-45.681;South;ALC
QG_South_1995;1995;1990;7.12;35;1775;-24.4875;-46.68;South;QG
GAL_South_1995;1995;1990;;;;-27.259;-48.371;South;GAL
MJ_Northeast_1995;1995;1990;;;;-5.399;-35.29;Northeast;MJ
CB_Northeast_1995;1995;1990;;;;-7.076;-34.823;Northeast;CB
PR_Northeast_1995;1995;1990;;;;-8.51;-34.983;Northeast;PR
CC_Northeast_1995;1995;1990;;;;-9.022;-35.191;Northeast;CC
NGARS_North_1995;1995;1990;;;;4.838;-50.129;North;NGARS
CGARS_North_1995;1995;1990;;;;2.242;-47.39;North;CGARS
SGARS_North_1995;1995;1990;;;;0.042;-44.159;North;SGARS
PML_North_1995;1995;1990;;;;-0.759;-42.128;North;PML
FR_North_1995;1995;1990;;;;-3.575;-38.4;North;FR
TMV_ILOC_1995;1995;1990;;;;-20.497;-29.319;ILOC;TMV
ROC_ILOC_1995;1995;1990;;;;-3.846;-33.806;ILOC;ROC
FN_ILOC_1995;1995;1990;;;;-3.851;-32.389;ILOC;FN
ASPSP_ILOC_1995;1995;1990;;;;0.9175;-29.344;ILOC;ASPSP
AI_ILOC_1995;1995;1990;;;;-7.916;-14.416;ILOC;AI
SH_ILOC_1995;1995;1990;;;;-15.906;-5.728;ILOC;SH
TSB_East_1995;1995;1990;;;;-12.858;-38.609;East;TSB
CA_East_1995;1995;1990;;;;-16.233;-38.936;East;CA
RCB_East_1995;1995;1990;;;;-15.993;-38.576;East;RCB
RF_East_1995;1995;1990;;;;-16.404;-38.96;East;RF
IT_East_1995;1995;1990;;;;-16.978;-39.067;East;IT
ABA_East_1995;1995;1990;;;;-17.973;-38.711;East;ABA
PP_East_1995;1995;1990;;;;-17.672;-38.99;East;PP
TBB_East_1995;1995;1990;;;;-17.606;-39.048;East;TBB
ST_Africa_1995;1995;1990;4.89;25;2525;0.396;6.829;Africa;ST
WIC_Africa_1995;1995;1990;;;;4.573;-6.814;Africa;WIC
LR_Africa_1995;1995;1990;4.4;3;1805;0.698;9.263;Africa;LR
WG_Africa_1995;1995;1990;4.32;14;;5.045;1.222;Africa;WG
IR_South_1996;1996;1990;;;;-20.69;-40.387;South;IR
AC_South_1996;1996;1990;;;;-22.978;-42;South;AC
UBT_South_1996;1996;1990;10.71;79;328;-23.532;-45.081;South;UBT
ALC_South_1996;1996;1990;9.73;78;331;-24.091;-45.681;South;ALC
QG_South_1996;1996;1990;6.53;49;353;-24.4875;-46.68;South;QG
GAL_South_1996;1996;1990;;;;-27.259;-48.371;South;GAL
MJ_Northeast_1996;1996;1990;;;;-5.399;-35.29;Northeast;MJ
CB_Northeast_1996;1996;1990;;;;-7.076;-34.823;Northeast;CB
PR_Northeast_1996;1996;1990;;;;-8.51;-34.983;Northeast;PR
CC_Northeast_1996;1996;1990;;;;-9.022;-35.191;Northeast;CC
NGARS_North_1996;1996;1990;;;;4.838;-50.129;North;NGARS
CGARS_North_1996;1996;1990;;;;2.242;-47.39;North;CGARS
SGARS_North_1996;1996;1990;;;;0.042;-44.159;North;SGARS
PML_North_1996;1996;1990;;;;-0.759;-42.128;North;PML
FR_North_1996;1996;1990;;;;-3.575;-38.4;North;FR
TMV_ILOC_1996;1996;1990;;;;-20.497;-29.319;ILOC;TMV
ROC_ILOC_1996;1996;1990;;;;-3.846;-33.806;ILOC;ROC
FN_ILOC_1996;1996;1990;;;;-3.851;-32.389;ILOC;FN
ASPSP_ILOC_1996;1996;1990;;;;0.9175;-29.344;ILOC;ASPSP
AI_ILOC_1996;1996;1990;;;;-7.916;-14.416;ILOC;AI
SH_ILOC_1996;1996;1990;;;;-15.906;-5.728;ILOC;SH
TSB_East_1996;1996;1990;;;;-12.858;-38.609;East;TSB
CA_East_1996;1996;1990;;;;-16.233;-38.936;East;CA
RCB_East_1996;1996;1990;;;;-15.993;-38.576;East;RCB
RF_East_1996;1996;1990;;;;-16.404;-38.96;East;RF
IT_East_1996;1996;1990;;;;-16.978;-39.067;East;IT
ABA_East_1996;1996;1990;;;;-17.973;-38.711;East;ABA
PP_East_1996;1996;1990;;;;-17.672;-38.99;East;PP
TBB_East_1996;1996;1990;;;;-17.606;-39.048;East;TBB
ST_Africa_1996;1996;1990;;;;0.396;6.829;Africa;ST
WIC_Africa_1996;1996;1990;;;;4.573;-6.814;Africa;WIC
LR_Africa_1996;1996;1990;;;;0.698;9.263;Africa;LR
WG_Africa_1996;1996;1990;;;;5.045;1.222;Africa;WG
IR_South_1997;1997;1990;;;;-20.69;-40.387;South;IR
AC_South_1997;1997;1990;;;;-22.978;-42;South;AC
UBT_South_1997;1997;1990;;;;-23.532;-45.081;South;UBT
ALC_South_1997;1997;1990;;;;-24.091;-45.681;South;ALC
QG_South_1997;1997;1990;;;;-24.4875;-46.68;South;QG
GAL_South_1997;1997;1990;;;;-27.259;-48.371;South;GAL
MJ_Northeast_1997;1997;1990;;;;-5.399;-35.29;Northeast;MJ
CB_Northeast_1997;1997;1990;;;;-7.076;-34.823;Northeast;CB
PR_Northeast_1997;1997;1990;;;;-8.51;-34.983;Northeast;PR
CC_Northeast_1997;1997;1990;;;;-9.022;-35.191;Northeast;CC
NGARS_North_1997;1997;1990;;;;4.838;-50.129;North;NGARS
CGARS_North_1997;1997;1990;;;;2.242;-47.39;North;CGARS
SGARS_North_1997;1997;1990;;;;0.042;-44.159;North;SGARS
PML_North_1997;1997;1990;;;;-0.759;-42.128;North;PML
FR_North_1997;1997;1990;;;;-3.575;-38.4;North;FR
TMV_ILOC_1997;1997;1990;;;;-20.497;-29.319;ILOC;TMV
ROC_ILOC_1997;1997;1990;;;;-3.846;-33.806;ILOC;ROC
FN_ILOC_1997;1997;1990;;;;-3.851;-32.389;ILOC;FN
ASPSP_ILOC_1997;1997;1990;;;;0.9175;-29.344;ILOC;ASPSP
AI_ILOC_1997;1997;1990;;;;-7.916;-14.416;ILOC;AI
SH_ILOC_1997;1997;1990;;;;-15.906;-5.728;ILOC;SH
TSB_East_1997;1997;1990;;;;-12.858;-38.609;East;TSB
CA_East_1997;1997;1990;;;;-16.233;-38.936;East;CA
RCB_East_1997;1997;1990;;;;-15.993;-38.576;East;RCB
RF_East_1997;1997;1990;;;;-16.404;-38.96;East;RF
IT_East_1997;1997;1990;;;;-16.978;-39.067;East;IT
ABA_East_1997;1997;1990;;;;-17.973;-38.711;East;ABA
PP_East_1997;1997;1990;;;;-17.672;-38.99;East;PP
TBB_East_1997;1997;1990;;;;-17.606;-39.048;East;TBB
ST_Africa_1997;1997;1990;;;;0.396;6.829;Africa;ST
WIC_Africa_1997;1997;1990;;;;4.573;-6.814;Africa;WIC
LR_Africa_1997;1997;1990;;;;0.698;9.263;Africa;LR
WG_Africa_1997;1997;1990;;;;5.045;1.222;Africa;WG
IR_South_1998;1998;1990;;;;-20.69;-40.387;South;IR
AC_South_1998;1998;1990;;;;-22.978;-42;South;AC
UBT_South_1998;1998;1990;9.06;21;679;-23.532;-45.081;South;UBT
ALC_South_1998;1998;1990;11.41;31;674;-24.091;-45.681;South;ALC
QG_South_1998;1998;1990;10.85;36;672;-24.4875;-46.68;South;QG
GAL_South_1998;1998;1990;;;;-27.259;-48.371;South;GAL
MJ_Northeast_1998;1998;1990;6.36;32;3635;-5.399;-35.29;Northeast;MJ
CB_Northeast_1998;1998;1990;8.6;44;;-7.076;-34.823;Northeast;CB
PR_Northeast_1998;1998;1990;6.11;24;3619;-8.51;-34.983;Northeast;PR
CC_Northeast_1998;1998;1990;6;22;3607;-9.022;-35.191;Northeast;CC
NGARS_North_1998;1998;1990;8.56;27;;4.838;-50.129;North;NGARS
CGARS_North_1998;1998;1990;6.65;32;;2.242;-47.39;North;CGARS
SGARS_North_1998;1998;1990;7.47;35;;0.042;-44.159;North;SGARS
PML_North_1998;1998;1990;6.58;47;;-0.759;-42.128;North;PML
FR_North_1998;1998;1990;4.36;8;;-3.575;-38.4;North;FR
TMV_ILOC_1998;1998;1990;;;;-20.497;-29.319;ILOC;TMV
ROC_ILOC_1998;1998;1990;;;;-3.846;-33.806;ILOC;ROC
FN_ILOC_1998;1998;1990;;;;-3.851;-32.389;ILOC;FN
ASPSP_ILOC_1998;1998;1990;;;;0.9175;-29.344;ILOC;ASPSP
AI_ILOC_1998;1998;1990;;;;-7.916;-14.416;ILOC;AI
SH_ILOC_1998;1998;1990;;;;-15.906;-5.728;ILOC;SH
TSB_East_1998;1998;1990;4.83;20;;-12.858;-38.609;East;TSB
CA_East_1998;1998;1990;;;;-16.233;-38.936;East;CA
RCB_East_1998;1998;1990;;;;-15.993;-38.576;East;RCB
RF_East_1998;1998;1990;;;;-16.404;-38.96;East;RF
IT_East_1998;1998;1990;;;;-16.978;-39.067;East;IT
ABA_East_1998;1998;1990;;;;-17.973;-38.711;East;ABA
PP_East_1998;1998;1990;;;;-17.672;-38.99;East;PP
TBB_East_1998;1998;1990;;;;-17.606;-39.048;East;TBB
ST_Africa_1998;1998;1990;;;;0.396;6.829;Africa;ST
WIC_Africa_1998;1998;1990;;;;4.573;-6.814;Africa;WIC
LR_Africa_1998;1998;1990;;;;0.698;9.263;Africa;LR
WG_Africa_1998;1998;1990;;;;5.045;1.222;Africa;WG
IR_South_1999;1999;1990;;;;-20.69;-40.387;South;IR
AC_South_1999;1999;1990;;;;-22.978;-42;South;AC
UBT_South_1999;1999;1990;10.15;32;332;-23.532;-45.081;South;UBT
ALC_South_1999;1999;1990;12.09;47;327;-24.091;-45.681;South;ALC
QG_South_1999;1999;1990;11.35;52;328;-24.4875;-46.68;South;QG
GAL_South_1999;1999;1990;;;;-27.259;-48.371;South;GAL
MJ_Northeast_1999;1999;1990;;;;-5.399;-35.29;Northeast;MJ
CB_Northeast_1999;1999;1990;;;;-7.076;-34.823;Northeast;CB
PR_Northeast_1999;1999;1990;;;;-8.51;-34.983;Northeast;PR
CC_Northeast_1999;1999;1990;;;;-9.022;-35.191;Northeast;CC
NGARS_North_1999;1999;1990;6.04;77;335;4.838;-50.129;North;NGARS
CGARS_North_1999;1999;1990;;;;2.242;-47.39;North;CGARS
SGARS_North_1999;1999;1990;;;;0.042;-44.159;North;SGARS
PML_North_1999;1999;1990;;;;-0.759;-42.128;North;PML
FR_North_1999;1999;1990;;;;-3.575;-38.4;North;FR
TMV_ILOC_1999;1999;1990;;;;-20.497;-29.319;ILOC;TMV
ROC_ILOC_1999;1999;1990;;;;-3.846;-33.806;ILOC;ROC
FN_ILOC_1999;1999;1990;;;;-3.851;-32.389;ILOC;FN
ASPSP_ILOC_1999;1999;1990;;;;0.9175;-29.344;ILOC;ASPSP
AI_ILOC_1999;1999;1990;;;;-7.916;-14.416;ILOC;AI
SH_ILOC_1999;1999;1990;;;;-15.906;-5.728;ILOC;SH
TSB_East_1999;1999;1990;;;;-12.858;-38.609;East;TSB
CA_East_1999;1999;1990;;;;-16.233;-38.936;East;CA
RCB_East_1999;1999;1990;;;;-15.993;-38.576;East;RCB
RF_East_1999;1999;1990;;;;-16.404;-38.96;East;RF
IT_East_1999;1999;1990;;;;-16.978;-39.067;East;IT
ABA_East_1999;1999;1990;;;;-17.973;-38.711;East;ABA
PP_East_1999;1999;1990;;;;-17.672;-38.99;East;PP
TBB_East_1999;1999;1990;;;;-17.606;-39.048;East;TBB
ST_Africa_1999;1999;1990;;;;0.396;6.829;Africa;ST
WIC_Africa_1999;1999;1990;;;;4.573;-6.814;Africa;WIC
LR_Africa_1999;1999;1990;;;;0.698;9.263;Africa;LR
WG_Africa_1999;1999;1990;;;;5.045;1.222;Africa;WG
IR_South_2000;2000;2000;;;;-20.69;-40.387;South;IR
AC_South_2000;2000;2000;;;;-22.978;-42;South;AC
UBT_South_2000;2000;2000;;;;-23.532;-45.081;South;UBT
ALC_South_2000;2000;2000;;;;-24.091;-45.681;South;ALC
QG_South_2000;2000;2000;;;;-24.4875;-46.68;South;QG
GAL_South_2000;2000;2000;;;;-27.259;-48.371;South;GAL
MJ_Northeast_2000;2000;2000;;;;-5.399;-35.29;Northeast;MJ
CB_Northeast_2000;2000;2000;;;;-7.076;-34.823;Northeast;CB
PR_Northeast_2000;2000;2000;;;;-8.51;-34.983;Northeast;PR
CC_Northeast_2000;2000;2000;;;;-9.022;-35.191;Northeast;CC
NGARS_North_2000;2000;2000;;;;4.838;-50.129;North;NGARS
CGARS_North_2000;2000;2000;;;;2.242;-47.39;North;CGARS
SGARS_North_2000;2000;2000;;;;0.042;-44.159;North;SGARS
PML_North_2000;2000;2000;;;;-0.759;-42.128;North;PML
FR_North_2000;2000;2000;;;;-3.575;-38.4;North;FR
TMV_ILOC_2000;2000;2000;;;;-20.497;-29.319;ILOC;TMV
ROC_ILOC_2000;2000;2000;;;;-3.846;-33.806;ILOC;ROC
FN_ILOC_2000;2000;2000;;;;-3.851;-32.389;ILOC;FN
ASPSP_ILOC_2000;2000;2000;;;;0.9175;-29.344;ILOC;ASPSP
AI_ILOC_2000;2000;2000;;;;-7.916;-14.416;ILOC;AI
SH_ILOC_2000;2000;2000;;;;-15.906;-5.728;ILOC;SH
TSB_East_2000;2000;2000;;;;-12.858;-38.609;East;TSB
CA_East_2000;2000;2000;;;;-16.233;-38.936;East;CA
RCB_East_2000;2000;2000;;;;-15.993;-38.576;East;RCB
RF_East_2000;2000;2000;;;;-16.404;-38.96;East;RF
IT_East_2000;2000;2000;;;;-16.978;-39.067;East;IT
ABA_East_2000;2000;2000;;;;-17.973;-38.711;East;ABA
PP_East_2000;2000;2000;;;;-17.672;-38.99;East;PP
TBB_East_2000;2000;2000;;;;-17.606;-39.048;East;TBB
ST_Africa_2000;2000;2000;;;;0.396;6.829;Africa;ST
WIC_Africa_2000;2000;2000;;;;4.573;-6.814;Africa;WIC
LR_Africa_2000;2000;2000;;;;0.698;9.263;Africa;LR
WG_Africa_2000;2000;2000;;;;5.045;1.222;Africa;WG
IR_South_2001;2001;2000;;;;-20.69;-40.387;South;IR
AC_South_2001;2001;2000;;;;-22.978;-42;South;AC
UBT_South_2001;2001;2000;13.78;59;690;-23.532;-45.081;South;UBT
ALC_South_2001;2001;2000;16.28;80;678;-24.091;-45.681;South;ALC
QG_South_2001;2001;2000;16.41;65;672;-24.4875;-46.68;South;QG
GAL_South_2001;2001;2000;10.4;44;3981;-27.259;-48.371;South;GAL
MJ_Northeast_2001;2001;2000;;;;-5.399;-35.29;Northeast;MJ
CB_Northeast_2001;2001;2000;;;;-7.076;-34.823;Northeast;CB
PR_Northeast_2001;2001;2000;;;;-8.51;-34.983;Northeast;PR
CC_Northeast_2001;2001;2000;;;;-9.022;-35.191;Northeast;CC
NGARS_North_2001;2001;2000;;;;4.838;-50.129;North;NGARS
CGARS_North_2001;2001;2000;;;;2.242;-47.39;North;CGARS
SGARS_North_2001;2001;2000;;;;0.042;-44.159;North;SGARS
PML_North_2001;2001;2000;;;;-0.759;-42.128;North;PML
FR_North_2001;2001;2000;;;;-3.575;-38.4;North;FR
TMV_ILOC_2001;2001;2000;;;;-20.497;-29.319;ILOC;TMV
ROC_ILOC_2001;2001;2000;;;;-3.846;-33.806;ILOC;ROC
FN_ILOC_2001;2001;2000;;;;-3.851;-32.389;ILOC;FN
ASPSP_ILOC_2001;2001;2000;;;;0.9175;-29.344;ILOC;ASPSP
AI_ILOC_2001;2001;2000;;;;-7.916;-14.416;ILOC;AI
SH_ILOC_2001;2001;2000;;;;-15.906;-5.728;ILOC;SH
TSB_East_2001;2001;2000;;;;-12.858;-38.609;East;TSB
CA_East_2001;2001;2000;;;;-16.233;-38.936;East;CA
RCB_East_2001;2001;2000;;;;-15.993;-38.576;East;RCB
RF_East_2001;2001;2000;;;;-16.404;-38.96;East;RF
IT_East_2001;2001;2000;;;;-16.978;-39.067;East;IT
ABA_East_2001;2001;2000;;;;-17.973;-38.711;East;ABA
PP_East_2001;2001;2000;;;;-17.672;-38.99;East;PP
TBB_East_2001;2001;2000;;;;-17.606;-39.048;East;TBB
ST_Africa_2001;2001;2000;;;;0.396;6.829;Africa;ST
WIC_Africa_2001;2001;2000;;;;4.573;-6.814;Africa;WIC
LR_Africa_2001;2001;2000;;;;0.698;9.263;Africa;LR
WG_Africa_2001;2001;2000;;;;5.045;1.222;Africa;WG
IR_South_2002;2002;2000;;;;-20.69;-40.387;South;IR
AC_South_2002;2002;2000;;;;-22.978;-42;South;AC
UBT_South_2002;2002;2000;;;;-23.532;-45.081;South;UBT
ALC_South_2002;2002;2000;5.42;6;326;-24.091;-45.681;South;ALC
QG_South_2002;2002;2000;7.63;21;341;-24.4875;-46.68;South;QG
GAL_South_2002;2002;2000;;;;-27.259;-48.371;South;GAL
MJ_Northeast_2002;2002;2000;;;;-5.399;-35.29;Northeast;MJ
CB_Northeast_2002;2002;2000;;;;-7.076;-34.823;Northeast;CB
PR_Northeast_2002;2002;2000;;;;-8.51;-34.983;Northeast;PR
CC_Northeast_2002;2002;2000;;;;-9.022;-35.191;Northeast;CC
NGARS_North_2002;2002;2000;;;;4.838;-50.129;North;NGARS
CGARS_North_2002;2002;2000;;;;2.242;-47.39;North;CGARS
SGARS_North_2002;2002;2000;;;;0.042;-44.159;North;SGARS
PML_North_2002;2002;2000;;;;-0.759;-42.128;North;PML
FR_North_2002;2002;2000;;;;-3.575;-38.4;North;FR
TMV_ILOC_2002;2002;2000;;;;-20.497;-29.319;ILOC;TMV
ROC_ILOC_2002;2002;2000;;;;-3.846;-33.806;ILOC;ROC
FN_ILOC_2002;2002;2000;;;;-3.851;-32.389;ILOC;FN
ASPSP_ILOC_2002;2002;2000;;;;0.9175;-29.344;ILOC;ASPSP
AI_ILOC_2002;2002;2000;;;;-7.916;-14.416;ILOC;AI
SH_ILOC_2002;2002;2000;;;;-15.906;-5.728;ILOC;SH
TSB_East_2002;2002;2000;;;;-12.858;-38.609;East;TSB
CA_East_2002;2002;2000;;;;-16.233;-38.936;East;CA
RCB_East_2002;2002;2000;;;;-15.993;-38.576;East;RCB
RF_East_2002;2002;2000;;;;-16.404;-38.96;East;RF
IT_East_2002;2002;2000;;;;-16.978;-39.067;East;IT
ABA_East_2002;2002;2000;;;;-17.973;-38.711;East;ABA
PP_East_2002;2002;2000;;;;-17.672;-38.99;East;PP
TBB_East_2002;2002;2000;;;;-17.606;-39.048;East;TBB
ST_Africa_2002;2002;2000;;;;0.396;6.829;Africa;ST
WIC_Africa_2002;2002;2000;;;;4.573;-6.814;Africa;WIC
LR_Africa_2002;2002;2000;;;;0.698;9.263;Africa;LR
WG_Africa_2002;2002;2000;;;;5.045;1.222;Africa;WG
IR_South_2003;2003;2000;;;;-20.69;-40.387;South;IR
AC_South_2003;2003;2000;;;;-22.978;-42;South;AC
UBT_South_2003;2003;2000;9.54;24;697;-23.532;-45.081;South;UBT
ALC_South_2003;2003;2000;12.7;31;335;-24.091;-45.681;South;ALC
QG_South_2003;2003;2000;11.77;35;320;-24.4875;-46.68;South;QG
GAL_South_2003;2003;2000;8.44;34;687;-27.259;-48.371;South;GAL
MJ_Northeast_2003;2003;2000;;;;-5.399;-35.29;Northeast;MJ
CB_Northeast_2003;2003;2000;;;;-7.076;-34.823;Northeast;CB
PR_Northeast_2003;2003;2000;;;;-8.51;-34.983;Northeast;PR
CC_Northeast_2003;2003;2000;;;;-9.022;-35.191;Northeast;CC
NGARS_North_2003;2003;2000;5.72;39;1454;4.838;-50.129;North;NGARS
CGARS_North_2003;2003;2000;;;;2.242;-47.39;North;CGARS
SGARS_North_2003;2003;2000;;;;0.042;-44.159;North;SGARS
PML_North_2003;2003;2000;;;;-0.759;-42.128;North;PML
FR_North_2003;2003;2000;;;;-3.575;-38.4;North;FR
TMV_ILOC_2003;2003;2000;;;;-20.497;-29.319;ILOC;TMV
ROC_ILOC_2003;2003;2000;;;;-3.846;-33.806;ILOC;ROC
FN_ILOC_2003;2003;2000;;;;-3.851;-32.389;ILOC;FN
ASPSP_ILOC_2003;2003;2000;;;;0.9175;-29.344;ILOC;ASPSP
AI_ILOC_2003;2003;2000;;;;-7.916;-14.416;ILOC;AI
SH_ILOC_2003;2003;2000;;;;-15.906;-5.728;ILOC;SH
TSB_East_2003;2003;2000;8.99;51;1791;-12.858;-38.609;East;TSB
CA_East_2003;2003;2000;;;;-16.233;-38.936;East;CA
RCB_East_2003;2003;2000;10.46;59;5410;-15.993;-38.576;East;RCB
RF_East_2003;2003;2000;;;;-16.404;-38.96;East;RF
IT_East_2003;2003;2000;;;;-16.978;-39.067;East;IT
ABA_East_2003;2003;2000;;;;-17.973;-38.711;East;ABA
PP_East_2003;2003;2000;;;;-17.672;-38.99;East;PP
TBB_East_2003;2003;2000;;;;-17.606;-39.048;East;TBB
ST_Africa_2003;2003;2000;;;;0.396;6.829;Africa;ST
WIC_Africa_2003;2003;2000;;;;4.573;-6.814;Africa;WIC
LR_Africa_2003;2003;2000;;;;0.698;9.263;Africa;LR
WG_Africa_2003;2003;2000;;;;5.045;1.222;Africa;WG
IR_South_2004;2004;2000;;;;-20.69;-40.387;South;IR
AC_South_2004;2004;2000;;;;-22.978;-42;South;AC
UBT_South_2004;2004;2000;;;;-23.532;-45.081;South;UBT
ALC_South_2004;2004;2000;;;;-24.091;-45.681;South;ALC
QG_South_2004;2004;2000;;;;-24.4875;-46.68;South;QG
GAL_South_2004;2004;2000;;;;-27.259;-48.371;South;GAL
MJ_Northeast_2004;2004;2000;;;;-5.399;-35.29;Northeast;MJ
CB_Northeast_2004;2004;2000;;;;-7.076;-34.823;Northeast;CB
PR_Northeast_2004;2004;2000;;;;-8.51;-34.983;Northeast;PR
CC_Northeast_2004;2004;2000;;;;-9.022;-35.191;Northeast;CC
NGARS_North_2004;2004;2000;;;;4.838;-50.129;North;NGARS
CGARS_North_2004;2004;2000;;;;2.242;-47.39;North;CGARS
SGARS_North_2004;2004;2000;;;;0.042;-44.159;North;SGARS
PML_North_2004;2004;2000;;;;-0.759;-42.128;North;PML
FR_North_2004;2004;2000;;;;-3.575;-38.4;North;FR
TMV_ILOC_2004;2004;2000;;;;-20.497;-29.319;ILOC;TMV
ROC_ILOC_2004;2004;2000;;;;-3.846;-33.806;ILOC;ROC
FN_ILOC_2004;2004;2000;;;;-3.851;-32.389;ILOC;FN
ASPSP_ILOC_2004;2004;2000;;;;0.9175;-29.344;ILOC;ASPSP
AI_ILOC_2004;2004;2000;;;;-7.916;-14.416;ILOC;AI
SH_ILOC_2004;2004;2000;;;;-15.906;-5.728;ILOC;SH
TSB_East_2004;2004;2000;;;;-12.858;-38.609;East;TSB
CA_East_2004;2004;2000;;;;-16.233;-38.936;East;CA
RCB_East_2004;2004;2000;;;;-15.993;-38.576;East;RCB
RF_East_2004;2004;2000;;;;-16.404;-38.96;East;RF
IT_East_2004;2004;2000;;;;-16.978;-39.067;East;IT
ABA_East_2004;2004;2000;;;;-17.973;-38.711;East;ABA
PP_East_2004;2004;2000;;;;-17.672;-38.99;East;PP
TBB_East_2004;2004;2000;;;;-17.606;-39.048;East;TBB
ST_Africa_2004;2004;2000;;;;0.396;6.829;Africa;ST
WIC_Africa_2004;2004;2000;;;;4.573;-6.814;Africa;WIC
LR_Africa_2004;2004;2000;;;;0.698;9.263;Africa;LR
WG_Africa_2004;2004;2000;;;;5.045;1.222;Africa;WG
IR_South_2005;2005;2000;;;;-20.69;-40.387;South;IR
AC_South_2005;2005;2000;;;;-22.978;-42;South;AC
UBT_South_2005;2005;2000;;;;-23.532;-45.081;South;UBT
ALC_South_2005;2005;2000;4.18;1;757;-24.091;-45.681;South;ALC
QG_South_2005;2005;2000;;;;-24.4875;-46.68;South;QG
GAL_South_2005;2005;2000;;;;-27.259;-48.371;South;GAL
MJ_Northeast_2005;2005;2000;;;;-5.399;-35.29;Northeast;MJ
CB_Northeast_2005;2005;2000;5.54;37;2523;-7.076;-34.823;Northeast;CB
PR_Northeast_2005;2005;2000;;;;-8.51;-34.983;Northeast;PR
CC_Northeast_2005;2005;2000;;;;-9.022;-35.191;Northeast;CC
NGARS_North_2005;2005;2000;4.27;4;646;4.838;-50.129;North;NGARS
CGARS_North_2005;2005;2000;4.92;11;2549;2.242;-47.39;North;CGARS
SGARS_North_2005;2005;2000;;;;0.042;-44.159;North;SGARS
PML_North_2005;2005;2000;;;;-0.759;-42.128;North;PML
FR_North_2005;2005;2000;5.42;9;2561;-3.575;-38.4;North;FR
TMV_ILOC_2005;2005;2000;;;;-20.497;-29.319;ILOC;TMV
ROC_ILOC_2005;2005;2000;;;;-3.846;-33.806;ILOC;ROC
FN_ILOC_2005;2005;2000;;;;-3.851;-32.389;ILOC;FN
ASPSP_ILOC_2005;2005;2000;;;;0.9175;-29.344;ILOC;ASPSP
AI_ILOC_2005;2005;2000;;;;-7.916;-14.416;ILOC;AI
SH_ILOC_2005;2005;2000;;;;-15.906;-5.728;ILOC;SH
TSB_East_2005;2005;2000;;;;-12.858;-38.609;East;TSB
CA_East_2005;2005;2000;;;;-16.233;-38.936;East;CA
RCB_East_2005;2005;2000;5.08;11;716;-15.993;-38.576;East;RCB
RF_East_2005;2005;2000;;;;-16.404;-38.96;East;RF
IT_East_2005;2005;2000;;;;-16.978;-39.067;East;IT
ABA_East_2005;2005;2000;;;;-17.973;-38.711;East;ABA
PP_East_2005;2005;2000;;;;-17.672;-38.99;East;PP
TBB_East_2005;2005;2000;;;;-17.606;-39.048;East;TBB
ST_Africa_2005;2005;2000;;;;0.396;6.829;Africa;ST
WIC_Africa_2005;2005;2000;;;;4.573;-6.814;Africa;WIC
LR_Africa_2005;2005;2000;;;;0.698;9.263;Africa;LR
WG_Africa_2005;2005;2000;;;;5.045;1.222;Africa;WG
IR_South_2006;2006;2000;;;;-20.69;-40.387;South;IR
AC_South_2006;2006;2000;;;;-22.978;-42;South;AC
UBT_South_2006;2006;2000;4.76;5;1097;-23.532;-45.081;South;UBT
ALC_South_2006;2006;2000;5.12;16;326;-24.091;-45.681;South;ALC
QG_South_2006;2006;2000;5.01;6;1095;-24.4875;-46.68;South;QG
GAL_South_2006;2006;2000;10.36;53;1052;-27.259;-48.371;South;GAL
MJ_Northeast_2006;2006;2000;5.57;13;2887;-5.399;-35.29;Northeast;MJ
CB_Northeast_2006;2006;2000;;;;-7.076;-34.823;Northeast;CB
PR_Northeast_2006;2006;2000;;;;-8.51;-34.983;Northeast;PR
CC_Northeast_2006;2006;2000;;;;-9.022;-35.191;Northeast;CC
NGARS_North_2006;2006;2000;;;;4.838;-50.129;North;NGARS
CGARS_North_2006;2006;2000;4.17;12;362;2.242;-47.39;North;CGARS
SGARS_North_2006;2006;2000;;;;0.042;-44.159;North;SGARS
PML_North_2006;2006;2000;;;;-0.759;-42.128;North;PML
FR_North_2006;2006;2000;5.59;22;355;-3.575;-38.4;North;FR
TMV_ILOC_2006;2006;2000;;;;-20.497;-29.319;ILOC;TMV
ROC_ILOC_2006;2006;2000;;;;-3.846;-33.806;ILOC;ROC
FN_ILOC_2006;2006;2000;;;;-3.851;-32.389;ILOC;FN
ASPSP_ILOC_2006;2006;2000;;;;0.9175;-29.344;ILOC;ASPSP
AI_ILOC_2006;2006;2000;;;;-7.916;-14.416;ILOC;AI
SH_ILOC_2006;2006;2000;;;;-15.906;-5.728;ILOC;SH
TSB_East_2006;2006;2000;;;;-12.858;-38.609;East;TSB
CA_East_2006;2006;2000;;;;-16.233;-38.936;East;CA
RCB_East_2006;2006;2000;;;;-15.993;-38.576;East;RCB
RF_East_2006;2006;2000;;;;-16.404;-38.96;East;RF
IT_East_2006;2006;2000;;;;-16.978;-39.067;East;IT
ABA_East_2006;2006;2000;;;;-17.973;-38.711;East;ABA
PP_East_2006;2006;2000;;;;-17.672;-38.99;East;PP
TBB_East_2006;2006;2000;;;;-17.606;-39.048;East;TBB
ST_Africa_2006;2006;2000;;;;0.396;6.829;Africa;ST
WIC_Africa_2006;2006;2000;;;;4.573;-6.814;Africa;WIC
LR_Africa_2006;2006;2000;;;;0.698;9.263;Africa;LR
WG_Africa_2006;2006;2000;;;;5.045;1.222;Africa;WG
IR_South_2007;2007;2000;;;;-20.69;-40.387;South;IR
AC_South_2007;2007;2000;;;;-22.978;-42;South;AC
UBT_South_2007;2007;2000;8.08;26;349;-23.532;-45.081;South;UBT
ALC_South_2007;2007;2000;10.25;52;346;-24.091;-45.681;South;ALC
QG_South_2007;2007;2000;9.5;29;347;-24.4875;-46.68;South;QG
GAL_South_2007;2007;2000;;;;-27.259;-48.371;South;GAL
MJ_Northeast_2007;2007;2000;;;;-5.399;-35.29;Northeast;MJ
CB_Northeast_2007;2007;2000;;;;-7.076;-34.823;Northeast;CB
PR_Northeast_2007;2007;2000;;;;-8.51;-34.983;Northeast;PR
CC_Northeast_2007;2007;2000;;;;-9.022;-35.191;Northeast;CC
NGARS_North_2007;2007;2000;;;;4.838;-50.129;North;NGARS
CGARS_North_2007;2007;2000;;;;2.242;-47.39;North;CGARS
SGARS_North_2007;2007;2000;;;;0.042;-44.159;North;SGARS
PML_North_2007;2007;2000;;;;-0.759;-42.128;North;PML
FR_North_2007;2007;2000;;;;-3.575;-38.4;North;FR
TMV_ILOC_2007;2007;2000;;;;-20.497;-29.319;ILOC;TMV
ROC_ILOC_2007;2007;2000;;;;-3.846;-33.806;ILOC;ROC
FN_ILOC_2007;2007;2000;;;;-3.851;-32.389;ILOC;FN
ASPSP_ILOC_2007;2007;2000;;;;0.9175;-29.344;ILOC;ASPSP
AI_ILOC_2007;2007;2000;;;;-7.916;-14.416;ILOC;AI
SH_ILOC_2007;2007;2000;;;;-15.906;-5.728;ILOC;SH
TSB_East_2007;2007;2000;;;;-12.858;-38.609;East;TSB
CA_East_2007;2007;2000;;;;-16.233;-38.936;East;CA
RCB_East_2007;2007;2000;;;;-15.993;-38.576;East;RCB
RF_East_2007;2007;2000;;;;-16.404;-38.96;East;RF
IT_East_2007;2007;2000;;;;-16.978;-39.067;East;IT
ABA_East_2007;2007;2000;;;;-17.973;-38.711;East;ABA
PP_East_2007;2007;2000;;;;-17.672;-38.99;East;PP
TBB_East_2007;2007;2000;;;;-17.606;-39.048;East;TBB
ST_Africa_2007;2007;2000;;;;0.396;6.829;Africa;ST
WIC_Africa_2007;2007;2000;;;;4.573;-6.814;Africa;WIC
LR_Africa_2007;2007;2000;;;;0.698;9.263;Africa;LR
WG_Africa_2007;2007;2000;;;;5.045;1.222;Africa;WG
IR_South_2008;2008;2000;;;;-20.69;-40.387;South;IR
AC_South_2008;2008;2000;;;;-22.978;-42;South;AC
UBT_South_2008;2008;2000;;;;-23.532;-45.081;South;UBT
ALC_South_2008;2008;2000;;;;-24.091;-45.681;South;ALC
QG_South_2008;2008;2000;;;;-24.4875;-46.68;South;QG
GAL_South_2008;2008;2000;;;;-27.259;-48.371;South;GAL
MJ_Northeast_2008;2008;2000;;;;-5.399;-35.29;Northeast;MJ
CB_Northeast_2008;2008;2000;;;;-7.076;-34.823;Northeast;CB
PR_Northeast_2008;2008;2000;;;;-8.51;-34.983;Northeast;PR
CC_Northeast_2008;2008;2000;;;;-9.022;-35.191;Northeast;CC
NGARS_North_2008;2008;2000;6.41;23;1178;4.838;-50.129;North;NGARS
CGARS_North_2008;2008;2000;;;;2.242;-47.39;North;CGARS
SGARS_North_2008;2008;2000;;;;0.042;-44.159;North;SGARS
PML_North_2008;2008;2000;;;;-0.759;-42.128;North;PML
FR_North_2008;2008;2000;;;;-3.575;-38.4;North;FR
TMV_ILOC_2008;2008;2000;;;;-20.497;-29.319;ILOC;TMV
ROC_ILOC_2008;2008;2000;;;;-3.846;-33.806;ILOC;ROC
FN_ILOC_2008;2008;2000;;;;-3.851;-32.389;ILOC;FN
ASPSP_ILOC_2008;2008;2000;;;;0.9175;-29.344;ILOC;ASPSP
AI_ILOC_2008;2008;2000;;;;-7.916;-14.416;ILOC;AI
SH_ILOC_2008;2008;2000;;;;-15.906;-5.728;ILOC;SH
TSB_East_2008;2008;2000;;;;-12.858;-38.609;East;TSB
CA_East_2008;2008;2000;;;;-16.233;-38.936;East;CA
RCB_East_2008;2008;2000;;;;-15.993;-38.576;East;RCB
RF_East_2008;2008;2000;;;;-16.404;-38.96;East;RF
IT_East_2008;2008;2000;;;;-16.978;-39.067;East;IT
ABA_East_2008;2008;2000;;;;-17.973;-38.711;East;ABA
PP_East_2008;2008;2000;;;;-17.672;-38.99;East;PP
TBB_East_2008;2008;2000;;;;-17.606;-39.048;East;TBB
ST_Africa_2008;2008;2000;;;;0.396;6.829;Africa;ST
WIC_Africa_2008;2008;2000;;;;4.573;-6.814;Africa;WIC
LR_Africa_2008;2008;2000;;;;0.698;9.263;Africa;LR
WG_Africa_2008;2008;2000;;;;5.045;1.222;Africa;WG
IR_South_2009;2009;2000;;;;-20.69;-40.387;South;IR
AC_South_2009;2009;2000;;;;-22.978;-42;South;AC
UBT_South_2009;2009;2000;;;;-23.532;-45.081;South;UBT
ALC_South_2009;2009;2000;;;;-24.091;-45.681;South;ALC
QG_South_2009;2009;2000;;;;-24.4875;-46.68;South;QG
GAL_South_2009;2009;2000;;;;-27.259;-48.371;South;GAL
MJ_Northeast_2009;2009;2000;;;;-5.399;-35.29;Northeast;MJ
CB_Northeast_2009;2009;2000;;;;-7.076;-34.823;Northeast;CB
PR_Northeast_2009;2009;2000;;;;-8.51;-34.983;Northeast;PR
CC_Northeast_2009;2009;2000;;;;-9.022;-35.191;Northeast;CC
NGARS_North_2009;2009;2000;;;;4.838;-50.129;North;NGARS
CGARS_North_2009;2009;2000;;;;2.242;-47.39;North;CGARS
SGARS_North_2009;2009;2000;;;;0.042;-44.159;North;SGARS
PML_North_2009;2009;2000;;;;-0.759;-42.128;North;PML
FR_North_2009;2009;2000;4.44;4;1093;-3.575;-38.4;North;FR
TMV_ILOC_2009;2009;2000;;;;-20.497;-29.319;ILOC;TMV
ROC_ILOC_2009;2009;2000;;;;-3.846;-33.806;ILOC;ROC
FN_ILOC_2009;2009;2000;;;;-3.851;-32.389;ILOC;FN
ASPSP_ILOC_2009;2009;2000;;;;0.9175;-29.344;ILOC;ASPSP
AI_ILOC_2009;2009;2000;;;;-7.916;-14.416;ILOC;AI
SH_ILOC_2009;2009;2000;;;;-15.906;-5.728;ILOC;SH
TSB_East_2009;2009;2000;;;;-12.858;-38.609;East;TSB
CA_East_2009;2009;2000;;;;-16.233;-38.936;East;CA
RCB_East_2009;2009;2000;;;;-15.993;-38.576;East;RCB
RF_East_2009;2009;2000;;;;-16.404;-38.96;East;RF
IT_East_2009;2009;2000;;;;-16.978;-39.067;East;IT
ABA_East_2009;2009;2000;;;;-17.973;-38.711;East;ABA
PP_East_2009;2009;2000;;;;-17.672;-38.99;East;PP
TBB_East_2009;2009;2000;;;;-17.606;-39.048;East;TBB
ST_Africa_2009;2009;2000;;;;0.396;6.829;Africa;ST
WIC_Africa_2009;2009;2000;;;;4.573;-6.814;Africa;WIC
LR_Africa_2009;2009;2000;;;;0.698;9.263;Africa;LR
WG_Africa_2009;2009;2000;;;;5.045;1.222;Africa;WG
IR_South_2010;2010;2010;;;;-20.69;-40.387;South;IR
AC_South_2010;2010;2010;;;;-22.978;-42;South;AC
UBT_South_2010;2010;2010;14.59;66;1028;-23.532;-45.081;South;UBT
ALC_South_2010;2010;2010;15.37;74;1001;-24.091;-45.681;South;ALC
QG_South_2010;2010;2010;17.61;70;1022;-24.4875;-46.68;South;QG
GAL_South_2010;2010;2010;10.69;27;1406;-27.259;-48.371;South;GAL
MJ_Northeast_2010;2010;2010;11.93;65;1426;-5.399;-35.29;Northeast;MJ
CB_Northeast_2010;2010;2010;10.23;49;1778;-7.076;-34.823;Northeast;CB
PR_Northeast_2010;2010;2010;6.84;33;4362;-8.51;-34.983;Northeast;PR
CC_Northeast_2010;2010;2010;5.92;25;4356;-9.022;-35.191;Northeast;CC
NGARS_North_2010;2010;2010;14.71;184;539;4.838;-50.129;North;NGARS
CGARS_North_2010;2010;2010;17.62;93;1396;2.242;-47.39;North;CGARS
SGARS_North_2010;2010;2010;15.9;69;4317;0.042;-44.159;North;SGARS
PML_North_2010;2010;2010;12.94;59;4303;-0.759;-42.128;North;PML
FR_North_2010;2010;2010;16.16;80;303;-3.575;-38.4;North;FR
TMV_ILOC_2010;2010;2010;7.83;22;;-20.497;-29.319;ILOC;TMV
ROC_ILOC_2010;2010;2010;8.72;51;;-3.846;-33.806;ILOC;ROC
FN_ILOC_2010;2010;2010;5.62;16;;-3.851;-32.389;ILOC;FN
ASPSP_ILOC_2010;2010;2010;10.65;63;7990;0.9175;-29.344;ILOC;ASPSP
AI_ILOC_2010;2010;2010;;;;-7.916;-14.416;ILOC;AI
SH_ILOC_2010;2010;2010;5.8;13;;-15.906;-5.728;ILOC;SH
TSB_East_2010;2010;2010;8.29;33;2499;-12.858;-38.609;East;TSB
CA_East_2010;2010;2010;;;;-16.233;-38.936;East;CA
RCB_East_2010;2010;2010;11.07;66;1762;-15.993;-38.576;East;RCB
RF_East_2010;2010;2010;;;;-16.404;-38.96;East;RF
IT_East_2010;2010;2010;;;;-16.978;-39.067;East;IT
ABA_East_2010;2010;2010;;;;-17.973;-38.711;East;ABA
PP_East_2010;2010;2010;;;;-17.672;-38.99;East;PP
TBB_East_2010;2010;2010;;;;-17.606;-39.048;East;TBB
ST_Africa_2010;2010;2010;;;;0.396;6.829;Africa;ST
WIC_Africa_2010;2010;2010;7.11;27;;4.573;-6.814;Africa;WIC
LR_Africa_2010;2010;2010;;;;0.698;9.263;Africa;LR
WG_Africa_2010;2010;2010;5.38;17;5444;5.045;1.222;Africa;WG
IR_South_2011;2011;2010;;;;-20.69;-40.387;South;IR
AC_South_2011;2011;2010;;;;-22.978;-42;South;AC
UBT_South_2011;2011;2010;10.1;24;312;-23.532;-45.081;South;UBT
ALC_South_2011;2011;2010;9.94;19;309;-24.091;-45.681;South;ALC
QG_South_2011;2011;2010;10.22;25;308;-24.4875;-46.68;South;QG
GAL_South_2011;2011;2010;;;;-27.259;-48.371;South;GAL
MJ_Northeast_2011;2011;2010;4.44;4;312;-5.399;-35.29;Northeast;MJ
CB_Northeast_2011;2011;2010;4.06;2;329;-7.076;-34.823;Northeast;CB
PR_Northeast_2011;2011;2010;;;;-8.51;-34.983;Northeast;PR
CC_Northeast_2011;2011;2010;;;;-9.022;-35.191;Northeast;CC
NGARS_North_2011;2011;2010;;;;4.838;-50.129;North;NGARS
CGARS_North_2011;2011;2010;;;;2.242;-47.39;North;CGARS
SGARS_North_2011;2011;2010;4.51;8;334;0.042;-44.159;North;SGARS
PML_North_2011;2011;2010;;;;-0.759;-42.128;North;PML
FR_North_2011;2011;2010;4.11;2;329;-3.575;-38.4;North;FR
TMV_ILOC_2011;2011;2010;;;;-20.497;-29.319;ILOC;TMV
ROC_ILOC_2011;2011;2010;;;;-3.846;-33.806;ILOC;ROC
FN_ILOC_2011;2011;2010;;;;-3.851;-32.389;ILOC;FN
ASPSP_ILOC_2011;2011;2010;;;;0.9175;-29.344;ILOC;ASPSP
AI_ILOC_2011;2011;2010;;;;-7.916;-14.416;ILOC;AI
SH_ILOC_2011;2011;2010;;;;-15.906;-5.728;ILOC;SH
TSB_East_2011;2011;2010;;;;-12.858;-38.609;East;TSB
CA_East_2011;2011;2010;;;;-16.233;-38.936;East;CA
RCB_East_2011;2011;2010;;;;-15.993;-38.576;East;RCB
RF_East_2011;2011;2010;;;;-16.404;-38.96;East;RF
IT_East_2011;2011;2010;;;;-16.978;-39.067;East;IT
ABA_East_2011;2011;2010;;;;-17.973;-38.711;East;ABA
PP_East_2011;2011;2010;;;;-17.672;-38.99;East;PP
TBB_East_2011;2011;2010;;;;-17.606;-39.048;East;TBB
ST_Africa_2011;2011;2010;;;;0.396;6.829;Africa;ST
WIC_Africa_2011;2011;2010;;;;4.573;-6.814;Africa;WIC
LR_Africa_2011;2011;2010;;;;0.698;9.263;Africa;LR
WG_Africa_2011;2011;2010;;;;5.045;1.222;Africa;WG
IR_South_2012;2012;2010;;;;-20.69;-40.387;South;IR
AC_South_2012;2012;2010;;;;-22.978;-42;South;AC
UBT_South_2012;2012;2010;;;;-23.532;-45.081;South;UBT
ALC_South_2012;2012;2010;;;;-24.091;-45.681;South;ALC
QG_South_2012;2012;2010;;;;-24.4875;-46.68;South;QG
GAL_South_2012;2012;2010;;;;-27.259;-48.371;South;GAL
MJ_Northeast_2012;2012;2010;;;;-5.399;-35.29;Northeast;MJ
CB_Northeast_2012;2012;2010;;;;-7.076;-34.823;Northeast;CB
PR_Northeast_2012;2012;2010;;;;-8.51;-34.983;Northeast;PR
CC_Northeast_2012;2012;2010;;;;-9.022;-35.191;Northeast;CC
NGARS_North_2012;2012;2010;;;;4.838;-50.129;North;NGARS
CGARS_North_2012;2012;2010;;;;2.242;-47.39;North;CGARS
SGARS_North_2012;2012;2010;;;;0.042;-44.159;North;SGARS
PML_North_2012;2012;2010;;;;-0.759;-42.128;North;PML
FR_North_2012;2012;2010;;;;-3.575;-38.4;North;FR
TMV_ILOC_2012;2012;2010;;;;-20.497;-29.319;ILOC;TMV
ROC_ILOC_2012;2012;2010;;;;-3.846;-33.806;ILOC;ROC
FN_ILOC_2012;2012;2010;;;;-3.851;-32.389;ILOC;FN
ASPSP_ILOC_2012;2012;2010;;;;0.9175;-29.344;ILOC;ASPSP
AI_ILOC_2012;2012;2010;;;;-7.916;-14.416;ILOC;AI
SH_ILOC_2012;2012;2010;;;;-15.906;-5.728;ILOC;SH
TSB_East_2012;2012;2010;;;;-12.858;-38.609;East;TSB
CA_East_2012;2012;2010;;;;-16.233;-38.936;East;CA
RCB_East_2012;2012;2010;;;;-15.993;-38.576;East;RCB
RF_East_2012;2012;2010;;;;-16.404;-38.96;East;RF
IT_East_2012;2012;2010;;;;-16.978;-39.067;East;IT
ABA_East_2012;2012;2010;;;;-17.973;-38.711;East;ABA
PP_East_2012;2012;2010;;;;-17.672;-38.99;East;PP
TBB_East_2012;2012;2010;;;;-17.606;-39.048;East;TBB
ST_Africa_2012;2012;2010;;;;0.396;6.829;Africa;ST
WIC_Africa_2012;2012;2010;;;;4.573;-6.814;Africa;WIC
LR_Africa_2012;2012;2010;;;;0.698;9.263;Africa;LR
WG_Africa_2012;2012;2010;;;;5.045;1.222;Africa;WG
IR_South_2013;2013;2010;;;;-20.69;-40.387;South;IR
AC_South_2013;2013;2010;;;;-22.978;-42;South;AC
UBT_South_2013;2013;2010;;;;-23.532;-45.081;South;UBT
ALC_South_2013;2013;2010;;;;-24.091;-45.681;South;ALC
QG_South_2013;2013;2010;;;;-24.4875;-46.68;South;QG
GAL_South_2013;2013;2010;;;;-27.259;-48.371;South;GAL
MJ_Northeast_2013;2013;2010;;;;-5.399;-35.29;Northeast;MJ
CB_Northeast_2013;2013;2010;;;;-7.076;-34.823;Northeast;CB
PR_Northeast_2013;2013;2010;;;;-8.51;-34.983;Northeast;PR
CC_Northeast_2013;2013;2010;;;;-9.022;-35.191;Northeast;CC
NGARS_North_2013;2013;2010;;;;4.838;-50.129;North;NGARS
CGARS_North_2013;2013;2010;;;;2.242;-47.39;North;CGARS
SGARS_North_2013;2013;2010;;;;0.042;-44.159;North;SGARS
PML_North_2013;2013;2010;;;;-0.759;-42.128;North;PML
FR_North_2013;2013;2010;;;;-3.575;-38.4;North;FR
TMV_ILOC_2013;2013;2010;;;;-20.497;-29.319;ILOC;TMV
ROC_ILOC_2013;2013;2010;;;;-3.846;-33.806;ILOC;ROC
FN_ILOC_2013;2013;2010;;;;-3.851;-32.389;ILOC;FN
ASPSP_ILOC_2013;2013;2010;;;;0.9175;-29.344;ILOC;ASPSP
AI_ILOC_2013;2013;2010;;;;-7.916;-14.416;ILOC;AI
SH_ILOC_2013;2013;2010;;;;-15.906;-5.728;ILOC;SH
TSB_East_2013;2013;2010;;;;-12.858;-38.609;East;TSB
CA_East_2013;2013;2010;;;;-16.233;-38.936;East;CA
RCB_East_2013;2013;2010;;;;-15.993;-38.576;East;RCB
RF_East_2013;2013;2010;;;;-16.404;-38.96;East;RF
IT_East_2013;2013;2010;;;;-16.978;-39.067;East;IT
ABA_East_2013;2013;2010;;;;-17.973;-38.711;East;ABA
PP_East_2013;2013;2010;;;;-17.672;-38.99;East;PP
TBB_East_2013;2013;2010;;;;-17.606;-39.048;East;TBB
ST_Africa_2013;2013;2010;;;;0.396;6.829;Africa;ST
WIC_Africa_2013;2013;2010;;;;4.573;-6.814;Africa;WIC
LR_Africa_2013;2013;2010;;;;0.698;9.263;Africa;LR
WG_Africa_2013;2013;2010;;;;5.045;1.222;Africa;WG
IR_South_2014;2014;2010;;;;-20.69;-40.387;South;IR
AC_South_2014;2014;2010;;;;-22.978;-42;South;AC
UBT_South_2014;2014;2010;11.69;58;1058;-23.532;-45.081;South;UBT
ALC_South_2014;2014;2010;12.84;59;1061;-24.091;-45.681;South;ALC
QG_South_2014;2014;2010;12.8;57;1064;-24.4875;-46.68;South;QG
GAL_South_2014;2014;2010;5.87;10;1441;-27.259;-48.371;South;GAL
MJ_Northeast_2014;2014;2010;;;;-5.399;-35.29;Northeast;MJ
CB_Northeast_2014;2014;2010;;;;-7.076;-34.823;Northeast;CB
PR_Northeast_2014;2014;2010;;;;-8.51;-34.983;Northeast;PR
CC_Northeast_2014;2014;2010;;;;-9.022;-35.191;Northeast;CC
NGARS_North_2014;2014;2010;;;;4.838;-50.129;North;NGARS
CGARS_North_2014;2014;2010;;;;2.242;-47.39;North;CGARS
SGARS_North_2014;2014;2010;;;;0.042;-44.159;North;SGARS
PML_North_2014;2014;2010;;;;-0.759;-42.128;North;PML
FR_North_2014;2014;2010;;;;-3.575;-38.4;North;FR
TMV_ILOC_2014;2014;2010;;;;-20.497;-29.319;ILOC;TMV
ROC_ILOC_2014;2014;2010;;;;-3.846;-33.806;ILOC;ROC
FN_ILOC_2014;2014;2010;;;;-3.851;-32.389;ILOC;FN
ASPSP_ILOC_2014;2014;2010;;;;0.9175;-29.344;ILOC;ASPSP
AI_ILOC_2014;2014;2010;;;;-7.916;-14.416;ILOC;AI
SH_ILOC_2014;2014;2010;;;;-15.906;-5.728;ILOC;SH
TSB_East_2014;2014;2010;4.34;4;1477;-12.858;-38.609;East;TSB
CA_East_2014;2014;2010;;;;-16.233;-38.936;East;CA
RCB_East_2014;2014;2010;;;;-15.993;-38.576;East;RCB
RF_East_2014;2014;2010;;;;-16.404;-38.96;East;RF
IT_East_2014;2014;2010;;;;-16.978;-39.067;East;IT
ABA_East_2014;2014;2010;;;;-17.973;-38.711;East;ABA
PP_East_2014;2014;2010;;;;-17.672;-38.99;East;PP
TBB_East_2014;2014;2010;;;;-17.606;-39.048;East;TBB
ST_Africa_2014;2014;2010;;;;0.396;6.829;Africa;ST
WIC_Africa_2014;2014;2010;;;;4.573;-6.814;Africa;WIC
LR_Africa_2014;2014;2010;;;;0.698;9.263;Africa;LR
WG_Africa_2014;2014;2010;;;;5.045;1.222;Africa;WG
IR_South_2015;2015;2010;;;;-20.69;-40.387;South;IR
AC_South_2015;2015;2010;;;;-22.978;-42;South;AC
UBT_South_2015;2015;2010;14.05;49;305;-23.532;-45.081;South;UBT
ALC_South_2015;2015;2010;14.58;68;304;-24.091;-45.681;South;ALC
QG_South_2015;2015;2010;12.55;56;305;-24.4875;-46.68;South;QG
GAL_South_2015;2015;2010;9.68;42;348;-27.259;-48.371;South;GAL
MJ_Northeast_2015;2015;2010;;;;-5.399;-35.29;Northeast;MJ
CB_Northeast_2015;2015;2010;;;;-7.076;-34.823;Northeast;CB
PR_Northeast_2015;2015;2010;;;;-8.51;-34.983;Northeast;PR
CC_Northeast_2015;2015;2010;;;;-9.022;-35.191;Northeast;CC
NGARS_North_2015;2015;2010;;;;4.838;-50.129;North;NGARS
CGARS_North_2015;2015;2010;;;;2.242;-47.39;North;CGARS
SGARS_North_2015;2015;2010;;;;0.042;-44.159;North;SGARS
PML_North_2015;2015;2010;;;;-0.759;-42.128;North;PML
FR_North_2015;2015;2010;;;;-3.575;-38.4;North;FR
TMV_ILOC_2015;2015;2010;;;;-20.497;-29.319;ILOC;TMV
ROC_ILOC_2015;2015;2010;;;;-3.846;-33.806;ILOC;ROC
FN_ILOC_2015;2015;2010;;;;-3.851;-32.389;ILOC;FN
ASPSP_ILOC_2015;2015;2010;;;;0.9175;-29.344;ILOC;ASPSP
AI_ILOC_2015;2015;2010;;;;-7.916;-14.416;ILOC;AI
SH_ILOC_2015;2015;2010;;;;-15.906;-5.728;ILOC;SH
TSB_East_2015;2015;2010;;;;-12.858;-38.609;East;TSB
CA_East_2015;2015;2010;;;;-16.233;-38.936;East;CA
RCB_East_2015;2015;2010;;;;-15.993;-38.576;East;RCB
RF_East_2015;2015;2010;;;;-16.404;-38.96;East;RF
IT_East_2015;2015;2010;;;;-16.978;-39.067;East;IT
ABA_East_2015;2015;2010;;;;-17.973;-38.711;East;ABA
PP_East_2015;2015;2010;;;;-17.672;-38.99;East;PP
TBB_East_2015;2015;2010;;;;-17.606;-39.048;East;TBB
ST_Africa_2015;2015;2010;;;;0.396;6.829;Africa;ST
WIC_Africa_2015;2015;2010;;;;4.573;-6.814;Africa;WIC
LR_Africa_2015;2015;2010;;;;0.698;9.263;Africa;LR
WG_Africa_2015;2015;2010;;;;5.045;1.222;Africa;WG
IR_South_2016;2016;2010;;;;-20.69;-40.387;South;IR
AC_South_2016;2016;2010;;;;-22.978;-42;South;AC
UBT_South_2016;2016;2010;14.67;68;348;-23.532;-45.081;South;UBT
ALC_South_2016;2016;2010;15.8;70;326;-24.091;-45.681;South;ALC
QG_South_2016;2016;2010;14.57;68;340;-24.4875;-46.68;South;QG
GAL_South_2016;2016;2010;9.05;47;336;-27.259;-48.371;South;GAL
MJ_Northeast_2016;2016;2010;;;;-5.399;-35.29;Northeast;MJ
CB_Northeast_2016;2016;2010;;;;-7.076;-34.823;Northeast;CB
PR_Northeast_2016;2016;2010;;;;-8.51;-34.983;Northeast;PR
CC_Northeast_2016;2016;2010;;;;-9.022;-35.191;Northeast;CC
NGARS_North_2016;2016;2010;4.26;18;2092;4.838;-50.129;North;NGARS
CGARS_North_2016;2016;2010;;;;2.242;-47.39;North;CGARS
SGARS_North_2016;2016;2010;;;;0.042;-44.159;North;SGARS
PML_North_2016;2016;2010;;;;-0.759;-42.128;North;PML
FR_North_2016;2016;2010;;;;-3.575;-38.4;North;FR
TMV_ILOC_2016;2016;2010;;;;-20.497;-29.319;ILOC;TMV
ROC_ILOC_2016;2016;2010;;;;-3.846;-33.806;ILOC;ROC
FN_ILOC_2016;2016;2010;;;;-3.851;-32.389;ILOC;FN
ASPSP_ILOC_2016;2016;2010;;;;0.9175;-29.344;ILOC;ASPSP
AI_ILOC_2016;2016;2010;;;;-7.916;-14.416;ILOC;AI
SH_ILOC_2016;2016;2010;;;;-15.906;-5.728;ILOC;SH
TSB_East_2016;2016;2010;10.66;45;691;-12.858;-38.609;East;TSB
CA_East_2016;2016;2010;;;;-16.233;-38.936;East;CA
RCB_East_2016;2016;2010;8.03;32;2153;-15.993;-38.576;East;RCB
RF_East_2016;2016;2010;;;;-16.404;-38.96;East;RF
IT_East_2016;2016;2010;;;;-16.978;-39.067;East;IT
ABA_East_2016;2016;2010;4.68;9;;-17.973;-38.711;East;ABA
PP_East_2016;2016;2010;4.3;3;;-17.672;-38.99;East;PP
TBB_East_2016;2016;2010;4.36;4;;-17.606;-39.048;East;TBB
ST_Africa_2016;2016;2010;;;;0.396;6.829;Africa;ST
WIC_Africa_2016;2016;2010;;;;4.573;-6.814;Africa;WIC
LR_Africa_2016;2016;2010;;;;0.698;9.263;Africa;LR
WG_Africa_2016;2016;2010;;;;5.045;1.222;Africa;WG
IR_South_2017;2017;2010;;;;-20.69;-40.387;South;IR
AC_South_2017;2017;2010;;;;-22.978;-42;South;AC
UBT_South_2017;2017;2010;14.88;58;256;-23.532;-45.081;South;UBT
ALC_South_2017;2017;2010;13.86;60;258;-24.091;-45.681;South;ALC
QG_South_2017;2017;2010;12.41;58;258;-24.4875;-46.68;South;QG
GAL_South_2017;2017;2010;15.02;52;299;-27.259;-48.371;South;GAL
MJ_Northeast_2017;2017;2010;;;;-5.399;-35.29;Northeast;MJ
CB_Northeast_2017;2017;2010;;;;-7.076;-34.823;Northeast;CB
PR_Northeast_2017;2017;2010;;;;-8.51;-34.983;Northeast;PR
CC_Northeast_2017;2017;2010;;;;-9.022;-35.191;Northeast;CC
NGARS_North_2017;2017;2010;6.23;33;320;4.838;-50.129;North;NGARS
CGARS_North_2017;2017;2010;6.48;17;2511;2.242;-47.39;North;CGARS
SGARS_North_2017;2017;2010;;;;0.042;-44.159;North;SGARS
PML_North_2017;2017;2010;;;;-0.759;-42.128;North;PML
FR_North_2017;2017;2010;;;;-3.575;-38.4;North;FR
TMV_ILOC_2017;2017;2010;;;;-20.497;-29.319;ILOC;TMV
ROC_ILOC_2017;2017;2010;;;;-3.846;-33.806;ILOC;ROC
FN_ILOC_2017;2017;2010;;;;-3.851;-32.389;ILOC;FN
ASPSP_ILOC_2017;2017;2010;;;;0.9175;-29.344;ILOC;ASPSP
AI_ILOC_2017;2017;2010;;;;-7.916;-14.416;ILOC;AI
SH_ILOC_2017;2017;2010;;;;-15.906;-5.728;ILOC;SH
TSB_East_2017;2017;2010;;;;-12.858;-38.609;East;TSB
CA_East_2017;2017;2010;;;;-16.233;-38.936;East;CA
RCB_East_2017;2017;2010;;;;-15.993;-38.576;East;RCB
RF_East_2017;2017;2010;;;;-16.404;-38.96;East;RF
IT_East_2017;2017;2010;;;;-16.978;-39.067;East;IT
ABA_East_2017;2017;2010;;;;-17.973;-38.711;East;ABA
PP_East_2017;2017;2010;;;;-17.672;-38.99;East;PP
TBB_East_2017;2017;2010;;;;-17.606;-39.048;East;TBB
ST_Africa_2017;2017;2010;;;;0.396;6.829;Africa;ST
WIC_Africa_2017;2017;2010;;;;4.573;-6.814;Africa;WIC
LR_Africa_2017;2017;2010;;;;0.698;9.263;Africa;LR
WG_Africa_2017;2017;2010;;;;5.045;1.222;Africa;WG
IR_South_2018;2018;2010;;;;-20.69;-40.387;South;IR
AC_South_2018;2018;2010;5.93;12;;-22.978;-42;South;AC
UBT_South_2018;2018;2010;8.86;29;371;-23.532;-45.081;South;UBT
ALC_South_2018;2018;2010;13.27;43;351;-24.091;-45.681;South;ALC
QG_South_2018;2018;2010;6.97;20;370;-24.4875;-46.68;South;QG
GAL_South_2018;2018;2010;;;;-27.259;-48.371;South;GAL
MJ_Northeast_2018;2018;2010;;;;-5.399;-35.29;Northeast;MJ
CB_Northeast_2018;2018;2010;;;;-7.076;-34.823;Northeast;CB
PR_Northeast_2018;2018;2010;;;;-8.51;-34.983;Northeast;PR
CC_Northeast_2018;2018;2010;;;;-9.022;-35.191;Northeast;CC
NGARS_North_2018;2018;2010;;;;4.838;-50.129;North;NGARS
CGARS_North_2018;2018;2010;;;;2.242;-47.39;North;CGARS
SGARS_North_2018;2018;2010;;;;0.042;-44.159;North;SGARS
PML_North_2018;2018;2010;;;;-0.759;-42.128;North;PML
FR_North_2018;2018;2010;;;;-3.575;-38.4;North;FR
TMV_ILOC_2018;2018;2010;;;;-20.497;-29.319;ILOC;TMV
ROC_ILOC_2018;2018;2010;;;;-3.846;-33.806;ILOC;ROC
FN_ILOC_2018;2018;2010;;;;-3.851;-32.389;ILOC;FN
ASPSP_ILOC_2018;2018;2010;;;;0.9175;-29.344;ILOC;ASPSP
AI_ILOC_2018;2018;2010;;;;-7.916;-14.416;ILOC;AI
SH_ILOC_2018;2018;2010;;;;-15.906;-5.728;ILOC;SH
TSB_East_2018;2018;2010;;;;-12.858;-38.609;East;TSB
CA_East_2018;2018;2010;;;;-16.233;-38.936;East;CA
RCB_East_2018;2018;2010;;;;-15.993;-38.576;East;RCB
RF_East_2018;2018;2010;;;;-16.404;-38.96;East;RF
IT_East_2018;2018;2010;;;;-16.978;-39.067;East;IT
ABA_East_2018;2018;2010;;;;-17.973;-38.711;East;ABA
PP_East_2018;2018;2010;;;;-17.672;-38.99;East;PP
TBB_East_2018;2018;2010;;;;-17.606;-39.048;East;TBB
ST_Africa_2018;2018;2010;;;;0.396;6.829;Africa;ST
WIC_Africa_2018;2018;2010;;;;4.573;-6.814;Africa;WIC
LR_Africa_2018;2018;2010;;;;0.698;9.263;Africa;LR
WG_Africa_2018;2018;2010;;;;5.045;1.222;Africa;WG
IR_South_2019;2019;2010;;;;-20.69;-40.387;South;IR
AC_South_2019;2019;2010;11.22;51;348;-22.978;-42;South;AC
UBT_South_2019;2019;2010;27.11;111;275;-23.532;-45.081;South;UBT
ALC_South_2019;2019;2010;25.69;87;279;-24.091;-45.681;South;ALC
QG_South_2019;2019;2010;23.61;82;288;-24.4875;-46.68;South;QG
GAL_South_2019;2019;2010;16.03;56;674;-27.259;-48.371;South;GAL
MJ_Northeast_2019;2019;2010;6.12;18;2921;-5.399;-35.29;Northeast;MJ
CB_Northeast_2019;2019;2010;5.81;23;2931;-7.076;-34.823;Northeast;CB
PR_Northeast_2019;2019;2010;6.01;18;3266;-8.51;-34.983;Northeast;PR
CC_Northeast_2019;2019;2010;6.28;18;3251;-9.022;-35.191;Northeast;CC
NGARS_North_2019;2019;2010;;;;4.838;-50.129;North;NGARS
CGARS_North_2019;2019;2010;;;;2.242;-47.39;North;CGARS
SGARS_North_2019;2019;2010;4.99;8;2934;0.042;-44.159;North;SGARS
PML_North_2019;2019;2010;4.65;7;3248;-0.759;-42.128;North;PML
FR_North_2019;2019;2010;5.76;27;2920;-3.575;-38.4;North;FR
TMV_ILOC_2019;2019;2010;9.74;34;3262;-20.497;-29.319;ILOC;TMV
ROC_ILOC_2019;2019;2010;5.89;18;3237;-3.846;-33.806;ILOC;ROC
FN_ILOC_2019;2019;2010;5.92;18;3262;-3.851;-32.389;ILOC;FN
ASPSP_ILOC_2019;2019;2010;;;;0.9175;-29.344;ILOC;ASPSP
AI_ILOC_2019;2019;2010;;;;-7.916;-14.416;ILOC;AI
SH_ILOC_2019;2019;2010;;;;-15.906;-5.728;ILOC;SH
TSB_East_2019;2019;2010;17.69;83;1022;-12.858;-38.609;East;TSB
CA_East_2019;2019;2010;13.03;62;;-16.233;-38.936;East;CA
RCB_East_2019;2019;2010;15.14;94;1044;-15.993;-38.576;East;RCB
RF_East_2019;2019;2010;13.28;59;;-16.404;-38.96;East;RF
IT_East_2019;2019;2010;14.77;62;;-16.978;-39.067;East;IT
ABA_East_2019;2019;2010;15.44;73;1036;-17.973;-38.711;East;ABA
PP_East_2019;2019;2010;15.19;76;1060;-17.672;-38.99;East;PP
TBB_East_2019;2019;2010;15.28;78;1060;-17.606;-39.048;East;TBB
ST_Africa_2019;2019;2010;;;;0.396;6.829;Africa;ST
WIC_Africa_2019;2019;2010;;;;4.573;-6.814;Africa;WIC
LR_Africa_2019;2019;2010;;;;0.698;9.263;Africa;LR
WG_Africa_2019;2019;2010;;;;5.045;1.222;Africa;WG
IR_South_2020;2020;2020;;;;-20.69;-40.387;South;IR
AC_South_2020;2020;2020;;;;-22.978;-42;South;AC
UBT_South_2020;2020;2020;;;;-23.532;-45.081;South;UBT
ALC_South_2020;2020;2020;;;;-24.091;-45.681;South;ALC
QG_South_2020;2020;2020;;;;-24.4875;-46.68;South;QG
GAL_South_2020;2020;2020;;;;-27.259;-48.371;South;GAL
MJ_Northeast_2020;2020;2020;14.51;61;313;-5.399;-35.29;Northeast;MJ
CB_Northeast_2020;2020;2020;15.62;59;306;-7.076;-34.823;Northeast;CB
PR_Northeast_2020;2020;2020;10.71;51;318;-8.51;-34.983;Northeast;PR
CC_Northeast_2020;2020;2020;10.81;40;316;-9.022;-35.191;Northeast;CC
NGARS_North_2020;2020;2020;5.71;52;1074;4.838;-50.129;North;NGARS
CGARS_North_2020;2020;2020;13.74;83;1037;2.242;-47.39;North;CGARS
SGARS_North_2020;2020;2020;16.07;77;300;0.042;-44.159;North;SGARS
PML_North_2020;2020;2020;17.11;88;294;-0.759;-42.128;North;PML
FR_North_2020;2020;2020;17.25;87;292;-3.575;-38.4;North;FR
TMV_ILOC_2020;2020;2020;;;;-20.497;-29.319;ILOC;TMV
ROC_ILOC_2020;2020;2020;12.46;54;326;-3.846;-33.806;ILOC;ROC
FN_ILOC_2020;2020;2020;9.26;30;334;-3.851;-32.389;ILOC;FN
ASPSP_ILOC_2020;2020;2020;5.58;11;3590;0.9175;-29.344;ILOC;ASPSP
AI_ILOC_2020;2020;2020;;;;-7.916;-14.416;ILOC;AI
SH_ILOC_2020;2020;2020;;;;-15.906;-5.728;ILOC;SH
TSB_East_2020;2020;2020;12.42;58;289;-12.858;-38.609;East;TSB
CA_East_2020;2020;2020;;;;-16.233;-38.936;East;CA
RCB_East_2020;2020;2020;9.63;41;273;-15.993;-38.576;East;RCB
RF_East_2020;2020;2020;;;;-16.404;-38.96;East;RF
IT_East_2020;2020;2020;;;;-16.978;-39.067;East;IT
ABA_East_2020;2020;2020;;;;-17.973;-38.711;East;ABA
PP_East_2020;2020;2020;;;;-17.672;-38.99;East;PP
TBB_East_2020;2020;2020;;;;-17.606;-39.048;East;TBB
ST_Africa_2020;2020;2020;;;;0.396;6.829;Africa;ST
WIC_Africa_2020;2020;2020;;;;4.573;-6.814;Africa;WIC
LR_Africa_2020;2020;2020;;;;0.698;9.263;Africa;LR
WG_Africa_2020;2020;2020;;;;5.045;1.222;Africa;WG
IR_South_2021;2021;2020;;;;-20.69;-40.387;South;IR
AC_South_2021;2021;2020;;;;-22.978;-42;South;AC
UBT_South_2021;2021;2020;13.15;61;651;-23.532;-45.081;South;UBT
ALC_South_2021;2021;2020;14.41;55;674;-24.091;-45.681;South;ALC
QG_South_2021;2021;2020;15.22;59;670;-24.4875;-46.68;South;QG
GAL_South_2021;2021;2020;5.9;55;698;-27.259;-48.371;South;GAL
MJ_Northeast_2021;2021;2020;;;;-5.399;-35.29;Northeast;MJ
CB_Northeast_2021;2021;2020;;;;-7.076;-34.823;Northeast;CB
PR_Northeast_2021;2021;2020;;;;-8.51;-34.983;Northeast;PR
CC_Northeast_2021;2021;2020;;;;-9.022;-35.191;Northeast;CC
NGARS_North_2021;2021;2020;8.71;70;311;4.838;-50.129;North;NGARS
CGARS_North_2021;2021;2020;5.41;23;342;2.242;-47.39;North;CGARS
SGARS_North_2021;2021;2020;;;;0.042;-44.159;North;SGARS
PML_North_2021;2021;2020;;;;-0.759;-42.128;North;PML
FR_North_2021;2021;2020;;;;-3.575;-38.4;North;FR
TMV_ILOC_2021;2021;2020;;;;-20.497;-29.319;ILOC;TMV
ROC_ILOC_2021;2021;2020;;;;-3.846;-33.806;ILOC;ROC
FN_ILOC_2021;2021;2020;;;;-3.851;-32.389;ILOC;FN
ASPSP_ILOC_2021;2021;2020;;;;0.9175;-29.344;ILOC;ASPSP
AI_ILOC_2021;2021;2020;;;;-7.916;-14.416;ILOC;AI
SH_ILOC_2021;2021;2020;;;;-15.906;-5.728;ILOC;SH
TSB_East_2021;2021;2020;;;;-12.858;-38.609;East;TSB
CA_East_2021;2021;2020;;;;-16.233;-38.936;East;CA
RCB_East_2021;2021;2020;;;;-15.993;-38.576;East;RCB
RF_East_2021;2021;2020;;;;-16.404;-38.96;East;RF
IT_East_2021;2021;2020;;;;-16.978;-39.067;East;IT
ABA_East_2021;2021;2020;;;;-17.973;-38.711;East;ABA
PP_East_2021;2021;2020;;;;-17.672;-38.99;East;PP
TBB_East_2021;2021;2020;;;;-17.606;-39.048;East;TBB
ST_Africa_2021;2021;2020;;;;0.396;6.829;Africa;ST
WIC_Africa_2021;2021;2020;;;;4.573;-6.814;Africa;WIC
LR_Africa_2021;2021;2020;;;;0.698;9.263;Africa;LR
WG_Africa_2021;2021;2020;;;;5.045;1.222;Africa;WG
IR_South_2022;2022;2020;;;;-20.69;-40.387;South;IR
AC_South_2022;2022;2020;;;;-22.978;-42;South;AC
UBT_South_2022;2022;2020;7.95;31;322;-23.532;-45.081;South;UBT
ALC_South_2022;2022;2020;;;;-24.091;-45.681;South;ALC
QG_South_2022;2022;2020;8.22;24;328;-24.4875;-46.68;South;QG
GAL_South_2022;2022;2020;10.39;45;306;-27.259;-48.371;South;GAL
MJ_Northeast_2022;2022;2020;4.4;4;716;-5.399;-35.29;Northeast;MJ
CB_Northeast_2022;2022;2020;8.1;38;687;-7.076;-34.823;Northeast;CB
PR_Northeast_2022;2022;2020;;;;-8.51;-34.983;Northeast;PR
CC_Northeast_2022;2022;2020;;;;-9.022;-35.191;Northeast;CC
NGARS_North_2022;2022;2020;6.36;54;269;4.838;-50.129;North;NGARS
CGARS_North_2022;2022;2020;7.84;32;327;2.242;-47.39;North;CGARS
SGARS_North_2022;2022;2020;;;;0.042;-44.159;North;SGARS
PML_North_2022;2022;2020;;;;-0.759;-42.128;North;PML
FR_North_2022;2022;2020;;;;-3.575;-38.4;North;FR
TMV_ILOC_2022;2022;2020;;;;-20.497;-29.319;ILOC;TMV
ROC_ILOC_2022;2022;2020;;;;-3.846;-33.806;ILOC;ROC
FN_ILOC_2022;2022;2020;;;;-3.851;-32.389;ILOC;FN
ASPSP_ILOC_2022;2022;2020;;;;0.9175;-29.344;ILOC;ASPSP
AI_ILOC_2022;2022;2020;;;;-7.916;-14.416;ILOC;AI
SH_ILOC_2022;2022;2020;6.34;34;4357;-15.906;-5.728;ILOC;SH
TSB_East_2022;2022;2020;9.08;36;693;-12.858;-38.609;East;TSB
CA_East_2022;2022;2020;8.34;36;1040;-16.233;-38.936;East;CA
RCB_East_2022;2022;2020;12.94;59;684;-15.993;-38.576;East;RCB
RF_East_2022;2022;2020;7.25;18;688;-16.404;-38.96;East;RF
IT_East_2022;2022;2020;4.65;5;1061;-16.978;-39.067;East;IT
ABA_East_2022;2022;2020;;;;-17.973;-38.711;East;ABA
PP_East_2022;2022;2020;;;;-17.672;-38.99;East;PP
TBB_East_2022;2022;2020;;;;-17.606;-39.048;East;TBB
ST_Africa_2022;2022;2020;;;;0.396;6.829;Africa;ST
WIC_Africa_2022;2022;2020;;;;4.573;-6.814;Africa;WIC
LR_Africa_2022;2022;2020;;;;0.698;9.263;Africa;LR
WG_Africa_2022;2022;2020;;;;5.045;1.222;Africa;WG
IR_South_2023;2023;2020;;;;-20.69;-40.387;South;IR
AC_South_2023;2023;2020;;;;-22.978;-42;South;AC
UBT_South_2023;2023;2020;4.17;4;363;-23.532;-45.081;South;UBT
ALC_South_2023;2023;2020;4.08;2;706;-24.091;-45.681;South;ALC
QG_South_2023;2023;2020;;;;-24.4875;-46.68;South;QG
GAL_South_2023;2023;2020;9.45;49;329;-27.259;-48.371;South;GAL
MJ_Northeast_2023;2023;2020;;;;-5.399;-35.29;Northeast;MJ
CB_Northeast_2023;2023;2020;;;;-7.076;-34.823;Northeast;CB
PR_Northeast_2023;2023;2020;;;;-8.51;-34.983;Northeast;PR
CC_Northeast_2023;2023;2020;;;;-9.022;-35.191;Northeast;CC
NGARS_North_2023;2023;2020;10.22;131;267;4.838;-50.129;North;NGARS
CGARS_North_2023;2023;2020;12.71;49;315;2.242;-47.39;North;CGARS
SGARS_North_2023;2023;2020;8.2;25;1055;0.042;-44.159;North;SGARS
PML_North_2023;2023;2020;8.03;27;1051;-0.759;-42.128;North;PML
FR_North_2023;2023;2020;4.63;8;1077;-3.575;-38.4;North;FR
TMV_ILOC_2023;2023;2020;;;;-20.497;-29.319;ILOC;TMV
ROC_ILOC_2023;2023;2020;;;;-3.846;-33.806;ILOC;ROC
FN_ILOC_2023;2023;2020;;;;-3.851;-32.389;ILOC;FN
ASPSP_ILOC_2023;2023;2020;5.11;19;1086;0.9175;-29.344;ILOC;ASPSP
AI_ILOC_2023;2023;2020;;;;-7.916;-14.416;ILOC;AI
SH_ILOC_2023;2023;2020;;;;-15.906;-5.728;ILOC;SH
TSB_East_2023;2023;2020;8.05;44;327;-12.858;-38.609;East;TSB
CA_East_2023;2023;2020;;;;-16.233;-38.936;East;CA
RCB_East_2023;2023;2020;9.72;36;326;-15.993;-38.576;East;RCB
RF_East_2023;2023;2020;;;;-16.404;-38.96;East;RF
IT_East_2023;2023;2020;;;;-16.978;-39.067;East;IT
ABA_East_2023;2023;2020;;;;-17.973;-38.711;East;ABA
PP_East_2023;2023;2020;;;;-17.672;-38.99;East;PP
TBB_East_2023;2023;2020;;;;-17.606;-39.048;East;TBB
ST_Africa_2023;2023;2020;;;;0.396;6.829;Africa;ST
WIC_Africa_2023;2023;2020;;;;4.573;-6.814;Africa;WIC
LR_Africa_2023;2023;2020;;;;0.698;9.263;Africa;LR
WG_Africa_2023;2023;2020;;;;5.045;1.222;Africa;WG
IR_South_2024;2024;2020;;;;-20.69;-40.387;South;IR
AC_South_2024;2024;2020;;;;-22.978;-42;South;AC
UBT_South_2024;2024;2020;10.1;47;316;-23.532;-45.081;South;UBT
ALC_South_2024;2024;2020;7.45;32;333;-24.091;-45.681;South;ALC
QG_South_2024;2024;2020;11.48;48;688;-24.4875;-46.68;South;QG
GAL_South_2024;2024;2020;16.1;62;299;-27.259;-48.371;South;GAL
MJ_Northeast_2024;2024;2020;21.46;115;666;-5.399;-35.29;Northeast;MJ
CB_Northeast_2024;2024;2020;21.67;113;644;-7.076;-34.823;Northeast;CB
PR_Northeast_2024;2024;2020;20.03;79;1394;-8.51;-34.983;Northeast;PR
CC_Northeast_2024;2024;2020;20.58;71;1422;-9.022;-35.191;Northeast;CC
NGARS_North_2024;2024;2020;15.44;100;214;4.838;-50.129;North;NGARS
CGARS_North_2024;2024;2020;19.66;157;216;2.242;-47.39;North;CGARS
SGARS_North_2024;2024;2020;20.02;101;274;0.042;-44.159;North;SGARS
PML_North_2024;2024;2020;19.45;94;284;-0.759;-42.128;North;PML
FR_North_2024;2024;2020;20.76;120;253;-3.575;-38.4;North;FR
TMV_ILOC_2024;2024;2020;10.6;33;1799;-20.497;-29.319;ILOC;TMV
ROC_ILOC_2024;2024;2020;19.27;71;1394;-3.846;-33.806;ILOC;ROC
FN_ILOC_2024;2024;2020;17.96;67;1410;-3.851;-32.389;ILOC;FN
ASPSP_ILOC_2024;2024;2020;15.41;91;307;0.9175;-29.344;ILOC;ASPSP
AI_ILOC_2024;2024;2020;17.25;63;;-7.916;-14.416;ILOC;AI
SH_ILOC_2024;2024;2020;11.37;44;713;-15.906;-5.728;ILOC;SH
TSB_East_2024;2024;2020;18.89;93;281;-12.858;-38.609;East;TSB
CA_East_2024;2024;2020;8.3;36;730;-16.233;-38.936;East;CA
RCB_East_2024;2024;2020;18.49;76;322;-15.993;-38.576;East;RCB
RF_East_2024;2024;2020;7.61;33;730;-16.404;-38.96;East;RF
IT_East_2024;2024;2020;7.79;34;730;-16.978;-39.067;East;IT
ABA_East_2024;2024;2020;6.9;22;1820;-17.973;-38.711;East;ABA
PP_East_2024;2024;2020;5.71;12;1830;-17.672;-38.99;East;PP
TBB_East_2024;2024;2020;4.77;7;1826;-17.606;-39.048;East;TBB
ST_Africa_2024;2024;2020;12.86;62;10535;0.396;6.829;Africa;ST
WIC_Africa_2024;2024;2020;11.21;37;5075;4.573;-6.814;Africa;WIC
LR_Africa_2024;2024;2020;12.33;87;10536;0.698;9.263;Africa;LR
WG_Africa_2024;2024;2020;14.48;56;5056;5.045;1.222;Africa;WG
